time_ms,thr,roll_sp,roll_gyro,roll_P,roll_I,roll_D,pitch_sp,pitch_gyro,pitch_P,pitch_I,pitch_D,yaw_sp,yaw_gyro,yaw_P,yaw_I,yaw_D
18,1000,0.00,0.02,0.000,0.000,0.000,0.00,0.00,0.000,0.000,0.000,0.00,-0.00,0.000,0.000,0.000
38,1000,0.00,0.00,0.000,0.000,0.000,0.00,0.02,0.000,0.000,0.000,0.00,-0.04,0.000,0.000,0.000
58,1000,0.00,-0.01,0.000,0.000,0.000,0.00,0.02,0.000,0.000,0.000,0.00,-0.00,0.000,0.000,0.000
78,1000,0.00,0.02,0.000,0.000,0.000,0.00,0.00,0.000,0.000,0.000,0.00,-0.00,0.000,0.000,0.000
98,1000,0.00,0.00,0.000,0.000,0.000,0.00,0.00,0.000,0.000,0.000,0.00,-0.00,0.000,0.000,0.000
118,1000,0.00,0.02,0.000,0.000,0.000,0.00,0.02,0.000,0.000,0.000,0.00,0.01,0.000,0.000,0.000
138,1000,0.00,-0.01,0.000,0.000,0.000,0.00,0.00,0.000,0.000,0.000,0.00,0.01,0.000,0.000,0.000
158,1000,0.00,-0.01,0.000,0.000,0.000,0.00,0.00,0.000,0.000,0.000,0.00,-0.00,0.000,0.000,0.000
178,1000,0.00,0.02,0.000,0.000,0.000,0.00,0.02,0.000,0.000,0.000,0.00,-0.00,0.000,0.000,0.000
198,1000,0.00,0.02,0.000,0.000,0.000,0.00,0.00,0.000,0.000,0.000,0.00,0.01,0.000,0.000,0.000
218,1000,0.00,0.00,0.000,0.000,0.000,0.00,0.00,0.000,0.000,0.000,0.00,-0.00,0.000,0.000,0.000
238,1000,0.00,0.00,0.000,0.000,0.000,0.00,-0.01,0.000,0.000,0.000,0.00,-0.00,0.000,0.000,0.000
258,1000,0.00,0.00,0.000,0.000,0.000,0.00,0.00,0.000,0.000,0.000,0.00,0.01,0.000,0.000,0.000
278,1000,0.00,0.03,0.000,0.000,0.000,0.00,0.02,0.000,0.000,0.000,0.00,0.01,0.000,0.000,0.000
298,1000,0.00,0.02,0.000,0.000,0.000,0.00,0.02,0.000,0.000,0.000,0.00,-0.00,0.000,0.000,0.000
318,1000,0.00,0.03,0.000,0.000,0.000,0.00,0.02,0.000,0.000,0.000,0.00,-0.00,0.000,0.000,0.000
338,1000,0.00,0.02,0.000,0.000,0.000,0.00,0.02,0.000,0.000,0.000,0.00,-0.00,0.000,0.000,0.000
358,1000,0.00,0.00,0.000,0.000,0.000,0.00,0.00,0.000,0.000,0.000,0.00,0.01,0.000,0.000,0.000
378,1000,0.00,0.03,0.000,0.000,0.000,0.00,0.02,0.000,0.000,0.000,0.00,0.01,0.000,0.000,0.000
398,1000,0.00,0.00,0.000,0.000,0.000,0.00,0.03,0.000,0.000,0.000,0.00,-0.00,0.000,0.000,0.000
418,1000,0.00,0.03,0.000,0.000,0.000,0.00,0.02,0.000,0.000,0.000,0.00,-0.02,0.000,0.000,0.000
438,1000,0.00,0.02,0.000,0.000,0.000,0.00,0.02,0.000,0.000,0.000,0.00,-0.00,0.000,0.000,0.000
458,1000,0.00,0.02,0.000,0.000,0.000,0.00,-0.01,0.000,0.000,0.000,0.00,0.01,0.000,0.000,0.000
478,1000,0.00,0.03,0.000,0.000,0.000,0.00,-0.01,0.000,0.000,0.000,0.00,-0.00,0.000,0.000,0.000
498,1000,0.00,0.05,0.000,0.000,0.000,0.00,0.02,0.000,0.000,0.000,0.00,-0.02,0.000,0.000,0.000
518,1000,0.00,0.05,0.000,0.000,0.000,0.00,0.00,0.000,0.000,0.000,0.00,-0.02,0.000,0.000,0.000
538,1000,0.00,0.02,0.000,0.000,0.000,0.00,0.00,0.000,0.000,0.000,0.00,-0.00,0.000,0.000,0.000
558,1000,0.00,0.02,0.000,0.000,0.000,0.00,-0.01,0.000,0.000,0.000,0.00,-0.00,0.000,0.000,0.000
578,1000,0.00,0.02,0.000,0.000,0.000,0.00,0.02,0.000,0.000,0.000,0.00,-0.00,0.000,0.000,0.000
598,1000,0.00,0.02,0.000,0.000,0.000,0.00,0.03,0.000,0.000,0.000,0.00,-0.02,0.000,0.000,0.000
618,1000,0.00,0.03,0.000,0.000,0.000,0.00,0.02,0.000,0.000,0.000,0.00,-0.00,0.000,0.000,0.000
638,1000,0.00,0.00,0.000,0.000,0.000,0.00,0.00,0.000,0.000,0.000,0.00,-0.00,0.000,0.000,0.000
658,1000,0.00,0.03,0.000,0.000,0.000,0.00,0.02,0.000,0.000,0.000,0.00,-0.00,0.000,0.000,0.000
678,1000,0.00,0.00,0.000,0.000,0.000,0.00,0.00,0.000,0.000,0.000,0.00,-0.02,0.000,0.000,0.000
698,1000,0.00,0.00,0.000,0.000,0.000,0.00,0.02,0.000,0.000,0.000,0.00,-0.00,0.000,0.000,0.000
718,1000,0.00,0.02,0.000,0.000,0.000,0.00,0.02,0.000,0.000,0.000,0.00,-0.00,0.000,0.000,0.000
738,1000,0.00,0.03,0.000,0.000,0.000,0.00,0.03,0.000,0.000,0.000,0.00,-0.00,0.000,0.000,0.000
758,1000,0.00,0.05,0.000,0.000,0.000,0.00,0.03,0.000,0.000,0.000,0.00,-0.04,0.000,0.000,0.000
778,1000,0.00,0.02,0.000,0.000,0.000,0.00,0.02,0.000,0.000,0.000,0.00,-0.04,0.000,0.000,0.000
798,1000,0.00,0.00,0.000,0.000,0.000,0.00,0.00,0.000,0.000,0.000,0.00,-0.02,0.000,0.000,0.000
818,1000,0.00,-0.01,0.000,0.000,0.000,0.00,0.00,0.000,0.000,0.000,0.00,-0.02,0.000,0.000,0.000
838,1000,0.00,0.02,0.000,0.000,0.000,0.00,0.00,0.000,0.000,0.000,0.00,-0.04,0.000,0.000,0.000
858,1000,0.00,0.02,0.000,0.000,0.000,0.00,-0.01,0.000,0.000,0.000,0.00,-0.00,0.000,0.000,0.000
890,1000,0.00,-0.01,0.000,0.000,0.000,0.00,-0.01,0.000,0.000,0.000,0.00,-0.02,0.000,0.000,0.000
898,1000,0.00,-0.01,0.000,0.000,0.000,0.00,-0.01,0.000,0.000,0.000,0.00,-0.00,0.000,0.000,0.000
918,1000,0.00,0.00,0.000,0.000,0.000,0.00,0.02,0.000,0.000,0.000,0.00,-0.00,0.000,0.000,0.000
938,1000,0.00,0.02,0.000,0.000,0.000,0.00,0.00,0.000,0.000,0.000,0.00,-0.00,0.000,0.000,0.000
958,1000,0.00,0.00,0.000,0.000,0.000,0.00,0.00,0.000,0.000,0.000,0.00,-0.00,0.000,0.000,0.000
978,1000,0.00,0.02,0.000,0.000,0.000,0.00,-0.01,0.000,0.000,0.000,0.00,-0.02,0.000,0.000,0.000
998,1000,0.00,0.03,0.000,0.000,0.000,0.00,0.00,0.000,0.000,0.000,0.00,-0.02,0.000,0.000,0.000
1018,1000,0.00,0.03,0.000,0.000,0.000,0.00,0.00,0.000,0.000,0.000,0.00,-0.02,0.000,0.000,0.000
1038,1000,0.00,0.03,0.000,0.000,0.000,0.00,0.00,0.000,0.000,0.000,0.00,-0.00,0.000,0.000,0.000
1058,1000,0.00,-0.01,0.000,0.000,0.000,0.00,0.00,0.000,0.000,0.000,0.00,-0.00,0.000,0.000,0.000
1078,1000,0.00,-0.01,0.000,0.000,0.000,0.00,0.02,0.000,0.000,0.000,0.00,-0.02,0.000,0.000,0.000
1098,1000,0.00,0.00,0.000,0.000,0.000,0.00,-0.01,0.000,0.000,0.000,0.00,-0.02,0.000,0.000,0.000
1118,1000,0.00,0.02,0.000,0.000,0.000,0.00,0.02,0.000,0.000,0.000,0.00,-0.02,0.000,0.000,0.000
1138,1000,0.00,-0.01,0.000,0.000,0.000,0.00,0.00,0.000,0.000,0.000,0.00,-0.02,0.000,0.000,0.000
1158,1000,0.00,0.00,0.000,0.000,0.000,0.00,0.00,0.000,0.000,0.000,0.00,-0.02,0.000,0.000,0.000
1178,1000,0.00,-0.01,0.000,0.000,0.000,0.00,0.02,0.000,0.000,0.000,0.00,-0.02,0.000,0.000,0.000
1198,1000,0.00,-0.01,0.000,0.000,0.000,0.00,0.02,0.000,0.000,0.000,0.00,-0.00,0.000,0.000,0.000
1218,1000,0.00,0.02,0.000,0.000,0.000,0.00,0.02,0.000,0.000,0.000,0.00,-0.02,0.000,0.000,0.000
1238,1000,0.00,0.03,0.000,0.000,0.000,0.00,0.02,0.000,0.000,0.000,0.00,-0.00,0.000,0.000,0.000
1258,1000,0.00,0.03,0.000,0.000,0.000,0.00,0.03,0.000,0.000,0.000,0.00,-0.02,0.000,0.000,0.000
1278,1000,0.00,0.03,0.000,0.000,0.000,0.00,0.02,0.000,0.000,0.000,0.00,-0.02,0.000,0.000,0.000
1298,1000,0.00,0.05,0.000,0.000,0.000,0.00,0.02,0.000,0.000,0.000,0.00,-0.02,0.000,0.000,0.000
1318,1000,0.00,0.02,0.000,0.000,0.000,0.00,0.00,0.000,0.000,0.000,0.00,-0.00,0.000,0.000,0.000
1338,1000,0.00,0.03,0.000,0.000,0.000,0.00,0.00,0.000,0.000,0.000,0.00,-0.00,0.000,0.000,0.000
1358,1000,0.00,0.02,0.000,0.000,0.000,0.00,0.00,0.000,0.000,0.000,0.00,-0.00,0.000,0.000,0.000
1378,1000,0.00,0.00,0.000,0.000,0.000,0.00,0.00,0.000,0.000,0.000,0.00,-0.00,0.000,0.000,0.000
1398,1000,0.00,0.00,0.000,0.000,0.000,0.00,0.00,0.000,0.000,0.000,0.00,-0.02,0.000,0.000,0.000
1418,1000,0.00,0.00,0.000,0.000,0.000,0.00,0.02,0.000,0.000,0.000,0.00,-0.00,0.000,0.000,0.000
1438,1000,0.00,0.00,0.000,0.000,0.000,0.00,0.00,0.000,0.000,0.000,0.00,-0.04,0.000,0.000,0.000
1458,1000,0.00,0.02,0.000,0.000,0.000,0.00,0.00,0.000,0.000,0.000,0.00,-0.04,0.000,0.000,0.000
1478,1000,0.00,0.02,0.000,0.000,0.000,0.00,0.00,0.000,0.000,0.000,0.00,-0.04,0.000,0.000,0.000
1498,1000,0.00,0.03,0.000,0.000,0.000,0.00,0.00,0.000,0.000,0.000,0.00,-0.04,0.000,0.000,0.000
1518,1000,0.00,0.00,0.000,0.000,0.000,0.00,0.00,0.000,0.000,0.000,0.00,-0.02,0.000,0.000,0.000
1538,1000,0.00,0.00,0.000,0.000,0.000,0.00,0.00,0.000,0.000,0.000,0.00,0.01,0.000,0.000,0.000
1558,1000,0.00,-0.01,0.000,0.000,0.000,0.00,0.00,0.000,0.000,0.000,0.00,0.01,0.000,0.000,0.000
1578,1000,0.00,-0.01,0.000,0.000,0.000,0.00,0.02,0.000,0.000,0.000,0.00,-0.00,0.000,0.000,0.000
1598,1000,0.00,0.00,0.000,0.000,0.000,0.00,0.02,0.000,0.000,0.000,0.00,-0.00,0.000,0.000,0.000
1618,1000,0.00,-0.01,0.000,0.000,0.000,0.00,0.02,0.000,0.000,0.000,0.00,0.01,0.000,0.000,0.000
1638,1000,0.00,0.00,0.000,0.000,0.000,0.00,0.00,0.000,0.000,0.000,0.00,-0.02,0.000,0.000,0.000
1658,1000,0.00,0.00,0.000,0.000,0.000,0.00,0.00,0.000,0.000,0.000,0.00,-0.02,0.000,0.000,0.000
1678,1000,0.00,0.02,0.000,0.000,0.000,0.00,0.02,0.000,0.000,0.000,0.00,-0.00,0.000,0.000,0.000
1698,1000,0.00,0.02,0.000,0.000,0.000,0.00,0.03,0.000,0.000,0.000,0.00,-0.02,0.000,0.000,0.000
1718,1000,0.00,0.00,0.000,0.000,0.000,0.00,0.00,0.000,0.000,0.000,0.00,-0.04,0.000,0.000,0.000
1752,1000,0.00,0.00,0.000,0.000,0.000,0.00,0.00,0.000,0.000,0.000,0.00,-0.00,0.000,0.000,0.000
1758,1000,0.00,0.00,0.000,0.000,0.000,0.00,-0.01,0.000,0.000,0.000,0.00,-0.00,0.000,0.000,0.000
1778,1000,0.00,-0.01,0.000,0.000,0.000,0.00,0.00,0.000,0.000,0.000,0.00,-0.00,0.000,0.000,0.000
1798,1000,0.00,0.00,0.000,0.000,0.000,0.00,0.00,0.000,0.000,0.000,0.00,-0.00,0.000,0.000,0.000
1818,1000,0.00,-0.01,0.000,0.000,0.000,0.00,0.02,0.000,0.000,0.000,0.00,-0.00,0.000,0.000,0.000
1838,1000,0.00,0.02,0.000,0.000,0.000,0.00,0.02,0.000,0.000,0.000,0.00,-0.02,0.000,0.000,0.000
1858,1000,0.00,0.00,0.000,0.000,0.000,0.00,0.00,0.000,0.000,0.000,0.00,-0.02,0.000,0.000,0.000
1878,1000,0.00,0.00,0.000,0.000,0.000,0.00,0.00,0.000,0.000,0.000,0.00,-0.00,0.000,0.000,0.000
1898,1000,0.00,0.00,0.000,0.000,0.000,0.00,0.00,0.000,0.000,0.000,0.00,-0.02,0.000,0.000,0.000
1918,1000,0.00,-0.01,0.000,0.000,0.000,0.00,-0.03,0.000,0.000,0.000,0.00,-0.00,0.000,0.000,0.000
1938,1000,0.00,-0.36,0.000,0.000,0.000,0.00,-0.24,0.000,0.000,0.000,0.00,0.18,0.000,0.000,0.000
1958,1000,0.00,-0.64,0.000,0.000,0.000,0.00,-0.71,0.000,0.000,0.000,0.00,0.74,0.000,0.000,0.000
1978,1000,0.00,0.17,0.000,0.000,0.000,0.00,-0.71,0.000,0.000,0.000,0.00,0.18,0.000,0.000,0.000
1998,1000,0.00,-0.03,0.000,0.000,0.000,0.00,-0.24,0.000,0.000,0.000,0.00,-0.69,0.000,0.000,0.000
2018,1000,0.00,-0.52,0.000,0.000,0.000,0.00,0.00,0.000,0.000,0.000,0.00,0.42,0.000,0.000,0.000
2038,1000,0.00,0.28,0.000,0.000,0.000,0.00,0.19,0.000,0.000,0.000,0.00,0.61,0.000,0.000,0.000
2058,1000,0.00,0.95,0.000,0.000,0.000,0.00,0.65,0.000,0.000,0.000,0.00,-1.09,0.000,0.000,0.000
2078,1000,0.00,1.16,0.000,0.000,0.000,0.00,1.42,0.000,0.000,0.000,0.00,-1.41,0.000,0.000,0.000
2098,1000,0.00,2.05,0.000,0.000,0.000,0.00,2.25,0.000,0.000,0.000,0.00,-1.04,0.000,0.000,0.000
2118,1000,0.00,1.79,0.000,0.000,0.000,0.00,2.60,0.000,0.000,0.000,0.00,-1.39,0.000,0.000,0.000
2138,1000,0.00,0.60,0.000,0.000,0.000,0.00,2.06,0.000,0.000,0.000,0.00,-1.01,0.000,0.000,0.000
2158,1000,0.00,1.01,0.000,0.000,0.000,0.00,1.09,0.000,0.000,0.000,0.00,-0.23,0.000,0.000,0.000
2178,1000,0.00,2.11,0.000,0.000,0.000,0.00,0.92,0.000,0.000,0.000,0.00,-0.84,0.000,0.000,0.000
2198,1000,0.00,2.35,0.000,0.000,0.000,0.00,2.19,0.000,0.000,0.000,0.00,-2.42,0.000,0.000,0.000
2218,1000,0.00,3.53,0.000,0.000,0.000,0.00,4.19,0.000,0.000,0.000,0.00,-2.80,0.000,0.000,0.000
2238,1000,0.00,4.38,0.000,0.000,0.000,0.00,5.68,0.000,0.000,0.000,0.00,-2.80,0.000,0.000,0.000
2258,1000,0.00,3.96,0.000,0.000,0.000,0.00,6.43,0.000,0.000,0.000,0.00,-2.89,0.000,0.000,0.000
2278,1000,0.00,4.48,0.000,0.000,0.000,0.00,6.78,0.000,0.000,0.000,0.00,-3.49,0.000,0.000,0.000
2298,1000,0.00,5.16,0.000,0.000,0.000,0.00,6.26,0.000,0.000,0.000,0.00,-5.06,0.000,0.000,0.000
2318,1000,0.00,3.94,0.000,0.000,0.000,0.00,4.52,0.000,0.000,0.000,0.00,-7.18,0.000,0.000,0.000
2338,1000,0.00,2.81,0.000,0.000,0.000,0.00,2.36,0.000,0.000,0.000,0.00,-9.81,0.000,0.000,0.000
2358,1000,0.00,2.28,0.000,0.000,0.000,0.00,0.54,0.000,0.000,0.000,0.00,-12.17,0.000,0.000,0.000
2378,1000,0.00,1.73,0.000,0.000,0.000,0.00,-0.36,0.000,0.000,0.000,0.00,-12.83,0.000,0.000,0.000
2398,1000,0.00,2.48,0.000,0.000,0.000,0.00,-0.38,0.000,0.000,0.000,0.00,-12.59,0.000,0.000,0.000
2418,1000,0.00,3.68,0.000,0.000,0.000,0.00,0.46,0.000,0.000,0.000,0.00,-13.24,0.000,0.000,0.000
2438,1000,0.00,4.40,0.000,0.000,0.000,0.00,1.09,0.000,0.000,0.000,0.00,-14.08,0.000,0.000,0.000
2458,1000,0.00,5.12,0.000,0.000,0.000,0.00,1.47,0.000,0.000,0.000,0.00,-14.40,0.000,0.000,0.000
2478,1000,0.00,5.82,0.000,0.000,0.000,0.00,1.82,0.000,0.000,0.000,0.00,-13.84,0.000,0.000,0.000
2498,1000,0.00,5.74,0.000,0.000,0.000,0.00,2.97,0.000,0.000,0.000,0.00,-12.89,0.000,0.000,0.000
2518,1000,0.00,4.78,0.000,0.000,0.000,0.00,5.53,0.000,0.000,0.000,0.00,-11.07,0.000,0.000,0.000
2538,1000,0.00,3.38,0.000,0.000,0.000,0.00,9.18,0.000,0.000,0.000,0.00,-8.08,0.000,0.000,0.000
2558,1000,0.00,1.18,0.000,0.000,0.000,0.00,12.45,0.000,0.000,0.000,0.00,-5.35,0.000,0.000,0.000
2578,1000,0.00,-2.67,0.000,0.000,0.000,0.00,14.51,0.000,0.000,0.000,0.00,-3.44,0.000,0.000,0.000
2612,1000,0.00,-10.29,0.000,0.000,0.000,0.00,14.34,0.000,0.000,0.000,0.00,-1.18,0.000,0.000,0.000
2618,1000,0.00,-11.45,0.000,0.000,0.000,0.00,13.91,0.000,0.000,0.000,0.00,-0.91,0.000,0.000,0.000
2638,1000,0.00,-15.77,0.000,0.000,0.000,0.00,11.06,0.000,0.000,0.000,0.00,-0.54,0.000,0.000,0.000
2658,1000,0.00,-20.88,0.000,0.000,0.000,0.00,6.65,0.000,0.000,0.000,0.00,-0.74,0.000,0.000,0.000
2678,1000,0.00,-25.88,0.000,0.000,0.000,0.00,1.36,0.000,0.000,0.000,0.00,-0.98,0.000,0.000,0.000
2698,1000,0.00,-30.32,0.000,0.000,0.000,0.00,-4.10,0.000,0.000,0.000,0.00,-1.04,0.000,0.000,0.000
2718,1000,0.00,-35.10,0.000,0.000,0.000,0.00,-8.97,0.000,0.000,0.000,0.00,-0.92,0.000,0.000,0.000
2738,1000,0.00,-39.78,0.000,0.000,0.000,0.00,-13.20,0.000,0.000,0.000,0.00,-0.65,0.000,0.000,0.000
2758,1000,0.00,-42.65,0.000,0.000,0.000,0.00,-16.41,0.000,0.000,0.000,0.00,-0.28,0.000,0.000,0.000
2778,1000,0.00,-43.65,0.000,0.000,0.000,0.00,-18.38,0.000,0.000,0.000,0.00,0.35,0.000,0.000,0.000
2798,1000,0.00,-44.10,0.000,0.000,0.000,0.00,-18.88,0.000,0.000,0.000,0.00,1.58,0.000,0.000,0.000
2818,1000,0.00,-43.33,0.000,0.000,0.000,0.00,-18.59,0.000,0.000,0.000,0.00,3.06,0.000,0.000,0.000
2838,1000,0.00,-40.97,0.000,0.000,0.000,0.00,-17.80,0.000,0.000,0.000,0.00,4.61,0.000,0.000,0.000
2858,1000,0.00,-38.27,0.000,0.000,0.000,0.00,-16.99,0.000,0.000,0.000,0.00,6.07,0.000,0.000,0.000
2878,1000,0.00,-35.59,0.000,0.000,0.000,0.00,-16.16,0.000,0.000,0.000,0.00,7.37,0.000,0.000,0.000
2898,1000,0.00,-32.35,0.000,0.000,0.000,0.00,-15.06,0.000,0.000,0.000,0.00,9.06,0.000,0.000,0.000
2918,1000,0.00,-27.39,0.000,0.000,0.000,0.00,-13.78,0.000,0.000,0.000,0.00,11.43,0.000,0.000,0.000
2938,1000,0.00,-21.22,0.000,0.000,0.000,0.00,-12.32,0.000,0.000,0.000,0.00,14.18,0.000,0.000,0.000
2958,1000,0.00,-16.56,0.000,0.000,0.000,0.00,-11.14,0.000,0.000,0.000,0.00,17.25,0.000,0.000,0.000
2978,1000,0.00,-14.61,0.000,0.000,0.000,0.00,-10.67,0.000,0.000,0.000,0.00,20.58,0.000,0.000,0.000
2998,1000,0.00,-13.07,0.000,0.000,0.000,0.00,-10.65,0.000,0.000,0.000,0.00,23.60,0.000,0.000,0.000
3018,1000,0.00,-11.13,0.000,0.000,0.000,0.00,-11.16,0.000,0.000,0.000,0.00,25.92,0.000,0.000,0.000
3038,1000,0.00,-10.30,0.000,0.000,0.000,0.00,-11.86,0.000,0.000,0.000,0.00,27.52,0.000,0.000,0.000
3058,1000,0.00,-11.33,0.000,0.000,0.000,0.00,-12.48,0.000,0.000,0.000,0.00,28.64,0.000,0.000,0.000
3078,1000,0.00,-13.33,0.000,0.000,0.000,0.00,-12.70,0.000,0.000,0.000,0.00,29.25,0.000,0.000,0.000
3098,1000,0.00,-15.08,0.000,0.000,0.000,0.00,-12.87,0.000,0.000,0.000,0.00,29.05,0.000,0.000,0.000
3118,1000,0.00,-16.93,0.000,0.000,0.000,0.00,-13.29,0.000,0.000,0.000,0.00,27.90,0.000,0.000,0.000
3138,1000,0.00,-19.39,0.000,0.000,0.000,0.00,-13.72,0.000,0.000,0.000,0.00,26.09,0.000,0.000,0.000
3158,1000,0.00,-22.14,0.000,0.000,0.000,0.00,-14.00,0.000,0.000,0.000,0.00,24.16,0.000,0.000,0.000
3178,1000,0.00,-23.88,0.000,0.000,0.000,0.00,-13.69,0.000,0.000,0.000,0.00,22.48,0.000,0.000,0.000
3198,1000,0.00,-23.72,0.000,0.000,0.000,0.00,-13.29,0.000,0.000,0.000,0.00,20.87,0.000,0.000,0.000
3218,1000,0.00,-21.59,0.000,0.000,0.000,0.00,-12.76,0.000,0.000,0.000,0.00,19.25,0.000,0.000,0.000
3238,1000,0.00,-18.14,0.000,0.000,0.000,0.00,-12.19,0.000,0.000,0.000,0.00,18.25,0.000,0.000,0.000
3258,1000,0.00,-13.49,0.000,0.000,0.000,0.00,-11.31,0.000,0.000,0.000,0.00,17.92,0.000,0.000,0.000
3278,1000,0.00,-7.39,0.000,0.000,0.000,0.00,-11.23,0.000,0.000,0.000,0.00,17.90,0.000,0.000,0.000
3298,1000,0.00,0.19,0.000,0.000,0.000,0.00,-12.79,0.000,0.000,0.000,0.00,17.26,0.000,0.000,0.000
3318,1000,0.00,8.55,0.000,0.000,0.000,0.00,-16.26,0.000,0.000,0.000,0.00,15.74,0.000,0.000,0.000
3338,1000,0.00,16.35,0.000,0.000,0.000,0.00,-21.42,0.000,0.000,0.000,0.00,13.90,0.000,0.000,0.000
3358,1000,0.00,22.51,0.000,0.000,0.000,0.00,-27.55,0.000,0.000,0.000,0.00,12.15,0.000,0.000,0.000
3378,1000,0.00,28.34,0.000,0.000,0.000,0.00,-34.01,0.000,0.000,0.000,0.00,10.21,0.000,0.000,0.000
3398,1000,0.00,35.51,0.000,0.000,0.000,0.00,-39.19,0.000,0.000,0.000,0.00,8.44,0.000,0.000,0.000
3434,1000,0.00,47.24,0.000,0.000,0.000,0.00,-43.02,0.000,0.000,0.000,0.00,6.22,0.000,0.000,0.000
3438,1000,0.00,48.51,0.000,0.000,0.000,0.00,-43.19,0.000,0.000,0.000,0.00,6.00,0.000,0.000,0.000
3458,1000,0.00,53.21,0.000,0.000,0.000,0.00,-43.14,0.000,0.000,0.000,0.00,4.68,0.000,0.000,0.000
3478,1000,0.00,57.86,0.000,0.000,0.000,0.00,-42.62,0.000,0.000,0.000,0.00,2.36,0.000,0.000,0.000
3498,1000,0.00,61.22,0.000,0.000,0.000,0.00,-41.69,0.000,0.000,0.000,0.00,-0.86,0.000,0.000,0.000
3518,1000,0.00,61.91,0.000,0.000,0.000,0.00,-40.23,0.000,0.000,0.000,0.00,-4.48,0.000,0.000,0.000
3538,1000,0.00,61.09,0.000,0.000,0.000,0.00,-38.18,0.000,0.000,0.000,0.00,-8.37,0.000,0.000,0.000
3558,1000,0.00,61.30,0.000,0.000,0.000,0.00,-35.40,0.000,0.000,0.000,0.00,-12.49,0.000,0.000,0.000
3578,1000,0.00,61.68,0.000,0.000,0.000,0.00,-30.77,0.000,0.000,0.000,0.00,-16.52,0.000,0.000,0.000
3598,1000,0.00,56.66,0.000,0.000,0.000,0.00,-22.12,0.000,0.000,0.000,0.00,-18.77,0.000,0.000,0.000
3618,1000,0.00,41.41,0.000,0.000,0.000,0.00,-4.67,0.000,0.000,0.000,0.00,-18.22,0.000,0.000,0.000
3638,1000,0.00,25.32,0.000,0.000,0.000,0.00,15.84,0.000,0.000,0.000,0.00,-17.76,0.000,0.000,0.000
3658,1000,0.00,18.95,0.000,0.000,0.000,0.00,28.94,0.000,0.000,0.000,0.00,-19.46,0.000,0.000,0.000
3678,1000,0.00,19.42,0.000,0.000,0.000,0.00,34.22,0.000,0.000,0.000,0.00,-22.95,0.000,0.000,0.000
3698,1000,0.00,22.74,0.000,0.000,0.000,0.00,35.09,0.000,0.000,0.000,0.00,-26.68,0.000,0.000,0.000
3718,1000,0.00,25.47,0.000,0.000,0.000,0.00,35.55,0.000,0.000,0.000,0.00,-29.12,0.000,0.000,0.000
3738,1000,0.00,26.32,0.000,0.000,0.000,0.00,38.55,0.000,0.000,0.000,0.00,-29.27,0.000,0.000,0.000
3758,1000,0.00,25.03,0.000,0.000,0.000,0.00,45.10,0.000,0.000,0.000,0.00,-27.62,0.000,0.000,0.000
3778,1000,0.00,23.28,0.000,0.000,0.000,0.00,51.81,0.000,0.000,0.000,0.00,-25.39,0.000,0.000,0.000
3798,1000,0.00,22.57,0.000,0.000,0.000,0.00,55.29,0.000,0.000,0.000,0.00,-23.87,0.000,0.000,0.000
3818,1000,0.00,21.80,0.000,0.000,0.000,0.00,55.55,0.000,0.000,0.000,0.00,-23.42,0.000,0.000,0.000
3838,1000,0.00,20.19,0.000,0.000,0.000,0.00,54.23,0.000,0.000,0.000,0.00,-23.29,0.000,0.000,0.000
3858,1000,0.00,17.39,0.000,0.000,0.000,0.00,52.60,0.000,0.000,0.000,0.00,-22.91,0.000,0.000,0.000
3878,1000,0.00,12.60,0.000,0.000,0.000,0.00,49.12,0.000,0.000,0.000,0.00,-23.09,0.000,0.000,0.000
3898,1000,0.00,5.25,0.000,0.000,0.000,0.00,43.55,0.000,0.000,0.000,0.00,-24.55,0.000,0.000,0.000
3918,1000,0.00,-2.41,0.000,0.000,0.000,0.00,37.13,0.000,0.000,0.000,0.00,-26.69,0.000,0.000,0.000
3938,1000,0.00,-7.68,0.000,0.000,0.000,0.00,31.56,0.000,0.000,0.000,0.00,-28.60,0.000,0.000,0.000
3958,1000,0.00,-10.64,0.000,0.000,0.000,0.00,27.44,0.000,0.000,0.000,0.00,-29.70,0.000,0.000,0.000
3978,1000,0.00,-12.82,0.000,0.000,0.000,0.00,23.91,0.000,0.000,0.000,0.00,-30.63,0.000,0.000,0.000
3998,1000,0.00,-15.02,0.000,0.000,0.000,0.00,21.26,0.000,0.000,0.000,0.00,-31.35,0.000,0.000,0.000
4018,1000,0.00,-16.64,0.000,0.000,0.000,0.00,21.27,0.000,0.000,0.000,0.00,-31.46,0.000,0.000,0.000
4038,1000,0.00,-17.31,0.000,0.000,0.000,0.00,24.49,0.000,0.000,0.000,0.00,-30.36,0.000,0.000,0.000
4058,1000,0.00,-16.93,0.000,0.000,0.000,0.00,29.79,0.000,0.000,0.000,0.00,-28.45,0.000,0.000,0.000
4078,1000,0.00,-16.26,0.000,0.000,0.000,0.00,37.04,0.000,0.000,0.000,0.00,-25.94,0.000,0.000,0.000
4098,1000,0.00,-14.99,0.000,0.000,0.000,0.00,45.19,0.000,0.000,0.000,0.00,-22.68,0.000,0.000,0.000
4118,1000,0.00,-13.25,0.000,0.000,0.000,0.00,53.68,0.000,0.000,0.000,0.00,-19.52,0.000,0.000,0.000
4138,1000,0.00,-11.81,0.000,0.000,0.000,0.00,61.35,0.000,0.000,0.000,0.00,-17.04,0.000,0.000,0.000
4158,1000,0.00,-11.71,0.000,0.000,0.000,0.00,66.13,0.000,0.000,0.000,0.00,-16.10,0.000,0.000,0.000
4178,1000,0.00,-13.95,0.000,0.000,0.000,0.00,68.05,0.000,0.000,0.000,0.00,-16.84,0.000,0.000,0.000
4198,1000,0.00,-17.40,0.000,0.000,0.000,0.00,66.52,0.000,0.000,0.000,0.00,-18.78,0.000,0.000,0.000
4218,1000,0.00,-20.50,0.000,0.000,0.000,0.00,61.33,0.000,0.000,0.000,0.00,-21.68,0.000,0.000,0.000
4238,1000,0.00,-23.02,0.000,0.000,0.000,0.00,52.95,0.000,0.000,0.000,0.00,-25.06,0.000,0.000,0.000
4272,1000,0.00,-24.58,0.000,0.000,0.000,0.00,34.26,0.000,0.000,0.000,0.00,-28.86,0.000,0.000,0.000
4278,1000,0.00,-24.50,0.000,0.000,0.000,0.00,30.80,0.000,0.000,0.000,0.00,-29.01,0.000,0.000,0.000
4298,1000,0.00,-23.62,0.000,0.000,0.000,0.00,20.11,0.000,0.000,0.000,0.00,-27.94,0.000,0.000,0.000
4318,1000,0.00,-22.30,0.000,0.000,0.000,0.00,9.88,0.000,0.000,0.000,0.00,-25.06,0.000,0.000,0.000
4338,1000,0.00,-21.05,0.000,0.000,0.000,0.00,1.07,0.000,0.000,0.000,0.00,-20.55,0.000,0.000,0.000
4358,1000,0.00,-20.00,0.000,0.000,0.000,0.00,-5.43,0.000,0.000,0.000,0.00,-13.99,0.000,0.000,0.000
4378,1000,0.00,-17.94,0.000,0.000,0.000,0.00,-9.23,0.000,0.000,0.000,0.00,-6.10,0.000,0.000,0.000
4398,1000,0.00,-14.12,0.000,0.000,0.000,0.00,-10.38,0.000,0.000,0.000,0.00,2.25,0.000,0.000,0.000
4418,1000,0.00,-8.46,0.000,0.000,0.000,0.00,-10.16,0.000,0.000,0.000,0.00,9.89,0.000,0.000,0.000
4438,1000,0.00,-1.39,0.000,0.000,0.000,0.00,-10.00,0.000,0.000,0.000,0.00,15.69,0.000,0.000,0.000
4458,1000,0.00,6.32,0.000,0.000,0.000,0.00,-11.02,0.000,0.000,0.000,0.00,19.87,0.000,0.000,0.000
4478,1000,0.00,13.30,0.000,0.000,0.000,0.00,-13.86,0.000,0.000,0.000,0.00,22.74,0.000,0.000,0.000
4498,1000,0.00,17.76,0.000,0.000,0.000,0.00,-19.19,0.000,0.000,0.000,0.00,24.07,0.000,0.000,0.000
4518,1000,0.00,19.47,0.000,0.000,0.000,0.00,-26.85,0.000,0.000,0.000,0.00,23.74,0.000,0.000,0.000
4538,1000,0.00,19.62,0.000,0.000,0.000,0.00,-35.84,0.000,0.000,0.000,0.00,22.64,0.000,0.000,0.000
4558,1000,0.00,18.40,0.000,0.000,0.000,0.00,-44.91,0.000,0.000,0.000,0.00,21.61,0.000,0.000,0.000
4578,1000,0.00,15.85,0.000,0.000,0.000,0.00,-52.79,0.000,0.000,0.000,0.00,21.34,0.000,0.000,0.000
4598,1000,0.00,13.30,0.000,0.000,0.000,0.00,-59.31,0.000,0.000,0.000,0.00,21.37,0.000,0.000,0.000
4618,1000,0.00,11.36,0.000,0.000,0.000,0.00,-64.87,0.000,0.000,0.000,0.00,21.03,0.000,0.000,0.000
4638,1000,0.00,9.16,0.000,0.000,0.000,0.00,-69.55,0.000,0.000,0.000,0.00,20.13,0.000,0.000,0.000
4658,1000,0.00,6.34,0.000,0.000,0.000,0.00,-73.14,0.000,0.000,0.000,0.00,18.90,0.000,0.000,0.000
4678,1000,0.00,3.19,0.000,0.000,0.000,0.00,-75.60,0.000,0.000,0.000,0.00,17.45,0.000,0.000,0.000
4698,1000,0.00,0.57,0.000,0.000,0.000,0.00,-77.03,0.000,0.000,0.000,0.00,15.66,0.000,0.000,0.000
4718,1000,0.00,-1.10,0.000,0.000,0.000,0.00,-77.45,0.000,0.000,0.000,0.00,13.34,0.000,0.000,0.000
4738,1000,0.00,-2.23,0.000,0.000,0.000,0.00,-76.88,0.000,0.000,0.000,0.00,10.65,0.000,0.000,0.000
4758,1000,0.00,-2.90,0.000,0.000,0.000,0.00,-75.37,0.000,0.000,0.000,0.00,8.00,0.000,0.000,0.000
4778,1000,0.00,-3.10,0.000,0.000,0.000,0.00,-73.34,0.000,0.000,0.000,0.00,5.28,0.000,0.000,0.000
4798,1000,0.00,-2.82,0.000,0.000,0.000,0.00,-70.91,0.000,0.000,0.000,0.00,2.30,0.000,0.000,0.000
4818,1000,0.00,-2.04,0.000,0.000,0.000,0.00,-68.03,0.000,0.000,0.000,0.00,-0.40,0.000,0.000,0.000
4838,1000,0.00,-0.47,0.000,0.000,0.000,0.00,-63.71,0.000,0.000,0.000,0.00,-1.88,0.000,0.000,0.000
4858,1000,0.00,2.67,0.000,0.000,0.000,0.00,-56.64,0.000,0.000,0.000,0.00,-1.24,0.000,0.000,0.000
4878,1000,0.00,7.50,0.000,0.000,0.000,0.00,-45.57,0.000,0.000,0.000,0.00,1.67,0.000,0.000,0.000
4898,1000,0.00,11.15,0.000,0.000,0.000,0.00,-33.75,0.000,0.000,0.000,0.00,5.12,0.000,0.000,0.000
4918,1000,0.00,11.96,0.000,0.000,0.000,0.00,-23.84,0.000,0.000,0.000,0.00,6.88,0.000,0.000,0.000
4938,1000,0.00,11.90,0.000,0.000,0.000,0.00,-15.75,0.000,0.000,0.000,0.00,6.77,0.000,0.000,0.000
4958,1000,0.00,12.17,0.000,0.000,0.000,0.00,-9.28,0.000,0.000,0.000,0.00,5.16,0.000,0.000,0.000
4978,1000,0.00,11.33,0.000,0.000,0.000,0.00,-4.09,0.000,0.000,0.000,0.00,2.44,0.000,0.000,0.000
4998,1000,0.00,7.65,0.000,0.000,0.000,0.00,0.51,0.000,0.000,0.000,0.00,-0.59,0.000,0.000,0.000
5018,1000,0.00,0.58,0.000,0.000,0.000,0.00,5.42,0.000,0.000,0.000,0.00,-3.49,0.000,0.000,0.000
5038,1000,0.00,-9.81,0.000,0.000,0.000,0.00,10.86,0.000,0.000,0.000,0.00,-6.26,0.000,0.000,0.000
5058,1000,0.00,-22.20,0.000,0.000,0.000,0.00,16.63,0.000,0.000,0.000,0.00,-9.17,0.000,0.000,0.000
5078,1000,0.00,-34.26,0.000,0.000,0.000,0.00,22.11,0.000,0.000,0.000,0.00,-12.19,0.000,0.000,0.000
5112,1000,0.00,-49.37,0.000,0.000,0.000,0.00,31.52,0.000,0.000,0.000,0.00,-16.91,0.000,0.000,0.000
5118,1000,0.00,-51.07,0.000,0.000,0.000,0.00,33.26,0.000,0.000,0.000,0.00,-17.59,0.000,0.000,0.000
5138,1000,0.00,-54.75,0.000,0.000,0.000,0.00,38.92,0.000,0.000,0.000,0.00,-19.36,0.000,0.000,0.000
5158,1000,0.00,-55.69,0.000,0.000,0.000,0.00,44.14,0.000,0.000,0.000,0.00,-20.08,0.000,0.000,0.000
5178,1000,0.00,-55.11,0.000,0.000,0.000,0.00,49.03,0.000,0.000,0.000,0.00,-19.35,0.000,0.000,0.000
5198,1000,0.00,-53.40,0.000,0.000,0.000,0.00,52.80,0.000,0.000,0.000,0.00,-17.39,0.000,0.000,0.000
5218,1000,0.00,-50.00,0.000,0.000,0.000,0.00,54.31,0.000,0.000,0.000,0.00,-14.81,0.000,0.000,0.000
5238,1000,0.00,-45.62,0.000,0.000,0.000,0.00,52.72,0.000,0.000,0.000,0.00,-13.27,0.000,0.000,0.000
5258,1000,0.00,-39.65,0.000,0.000,0.000,0.00,48.95,0.000,0.000,0.000,0.00,-12.34,0.000,0.000,0.000
5278,1000,0.00,-33.48,0.000,0.000,0.000,0.00,43.67,0.000,0.000,0.000,0.00,-11.49,0.000,0.000,0.000
5298,1000,0.00,-28.58,0.000,0.000,0.000,0.00,38.08,0.000,0.000,0.000,0.00,-10.37,0.000,0.000,0.000
5318,1000,0.00,-25.54,0.000,0.000,0.000,0.00,32.80,0.000,0.000,0.000,0.00,-8.29,0.000,0.000,0.000
5338,1000,0.00,-22.93,0.000,0.000,0.000,0.00,28.54,0.000,0.000,0.000,0.00,-5.42,0.000,0.000,0.000
5358,1000,0.00,-20.27,0.000,0.000,0.000,0.00,24.26,0.000,0.000,0.000,0.00,-2.20,0.000,0.000,0.000
5378,1000,0.00,-19.22,0.000,0.000,0.000,0.00,19.58,0.000,0.000,0.000,0.00,0.62,0.000,0.000,0.000
5398,1000,0.00,-20.23,0.000,0.000,0.000,0.00,14.87,0.000,0.000,0.000,0.00,3.40,0.000,0.000,0.000
5418,1000,0.00,-20.64,0.000,0.000,0.000,0.00,10.23,0.000,0.000,0.000,0.00,6.22,0.000,0.000,0.000
5438,1000,0.00,-18.43,0.000,0.000,0.000,0.00,5.84,0.000,0.000,0.000,0.00,8.68,0.000,0.000,0.000
5458,1000,0.00,-13.78,0.000,0.000,0.000,0.00,1.18,0.000,0.000,0.000,0.00,10.36,0.000,0.000,0.000
5478,1000,0.00,-6.81,0.000,0.000,0.000,0.00,-4.13,0.000,0.000,0.000,0.00,11.51,0.000,0.000,0.000
5498,1000,0.00,3.59,0.000,0.000,0.000,0.00,-9.11,0.000,0.000,0.000,0.00,12.79,0.000,0.000,0.000
5518,1000,0.00,15.91,0.000,0.000,0.000,0.00,-13.87,0.000,0.000,0.000,0.00,14.25,0.000,0.000,0.000
5538,1000,0.00,27.12,0.000,0.000,0.000,0.00,-18.00,0.000,0.000,0.000,0.00,15.17,0.000,0.000,0.000
5558,1000,0.00,37.80,0.000,0.000,0.000,0.00,-22.33,0.000,0.000,0.000,0.00,15.57,0.000,0.000,0.000
5578,1000,0.00,49.51,0.000,0.000,0.000,0.00,-25.63,0.000,0.000,0.000,0.00,15.35,0.000,0.000,0.000
5598,1000,0.00,61.09,0.000,0.000,0.000,0.00,-28.21,0.000,0.000,0.000,0.00,15.11,0.000,0.000,0.000
5618,1000,0.00,69.59,0.000,0.000,0.000,0.00,-28.93,0.000,0.000,0.000,0.00,14.68,0.000,0.000,0.000
5638,1000,0.00,73.70,0.000,0.000,0.000,0.00,-28.61,0.000,0.000,0.000,0.00,13.98,0.000,0.000,0.000
5658,1000,0.00,73.93,0.000,0.000,0.000,0.00,-27.71,0.000,0.000,0.000,0.00,12.36,0.000,0.000,0.000
5678,1000,0.00,74.06,0.000,0.000,0.000,0.00,-26.56,0.000,0.000,0.000,0.00,9.89,0.000,0.000,0.000
5698,1000,0.00,74.32,0.000,0.000,0.000,0.00,-24.70,0.000,0.000,0.000,0.00,7.00,0.000,0.000,0.000
5718,1000,0.00,72.05,0.000,0.000,0.000,0.00,-22.13,0.000,0.000,0.000,0.00,3.57,0.000,0.000,0.000
5738,1000,0.00,67.09,0.000,0.000,0.000,0.00,-19.49,0.000,0.000,0.000,0.00,-0.26,0.000,0.000,0.000
5758,1000,0.00,63.27,0.000,0.000,0.000,0.00,-16.55,0.000,0.000,0.000,0.00,-4.46,0.000,0.000,0.000
5778,1000,0.00,62.02,0.000,0.000,0.000,0.00,-12.76,0.000,0.000,0.000,0.00,-8.69,0.000,0.000,0.000
5798,1000,0.00,60.29,0.000,0.000,0.000,0.00,-8.12,0.000,0.000,0.000,0.00,-12.48,0.000,0.000,0.000
5818,1000,0.00,56.31,0.000,0.000,0.000,0.00,-1.77,0.000,0.000,0.000,0.00,-15.21,0.000,0.000,0.000
5838,1000,0.00,51.54,0.000,0.000,0.000,0.00,7.53,0.000,0.000,0.000,0.00,-16.31,0.000,0.000,0.000
5858,1000,0.00,46.52,0.000,0.000,0.000,0.00,20.98,0.000,0.000,0.000,0.00,-15.94,0.000,0.000,0.000
5878,1000,0.00,41.42,0.000,0.000,0.000,0.00,34.60,0.000,0.000,0.000,0.00,-15.52,0.000,0.000,0.000
5898,1000,0.00,38.09,0.000,0.000,0.000,0.00,45.41,0.000,0.000,0.000,0.00,-16.16,0.000,0.000,0.000
5918,1000,0.00,37.32,0.000,0.000,0.000,0.00,52.45,0.000,0.000,0.000,0.00,-17.73,0.000,0.000,0.000
5957,1000,0.00,30.78,0.000,0.000,0.000,0.00,59.62,0.000,0.000,0.000,0.00,-21.99,0.000,0.000,0.000
5958,1000,0.00,30.08,0.000,0.000,0.000,0.00,59.82,0.000,0.000,0.000,0.00,-22.20,0.000,0.000,0.000
5978,1000,0.00,20.70,0.000,0.000,0.000,0.00,61.27,0.000,0.000,0.000,0.00,-24.34,0.000,0.000,0.000
5998,1000,0.00,8.95,0.000,0.000,0.000,0.00,61.21,0.000,0.000,0.000,0.00,-26.20,0.000,0.000,0.000
6018,1000,0.00,-5.43,0.000,0.000,0.000,0.00,59.67,0.000,0.000,0.000,0.00,-27.62,0.000,0.000,0.000
6038,1000,0.00,-18.50,0.000,0.000,0.000,0.00,56.58,0.000,0.000,0.000,0.00,-29.07,0.000,0.000,0.000
6058,1000,0.00,-27.28,0.000,0.000,0.000,0.00,52.83,0.000,0.000,0.000,0.00,-30.63,0.000,0.000,0.000
6078,1000,0.00,-32.81,0.000,0.000,0.000,0.00,48.29,0.000,0.000,0.000,0.00,-31.44,0.000,0.000,0.000
6098,1000,0.00,-38.15,0.000,0.000,0.000,0.00,43.55,0.000,0.000,0.000,0.00,-31.64,0.000,0.000,0.000
6118,1000,0.00,-44.24,0.000,0.000,0.000,0.00,38.49,0.000,0.000,0.000,0.00,-31.46,0.000,0.000,0.000
6138,1000,0.00,-48.70,0.000,0.000,0.000,0.00,32.08,0.000,0.000,0.000,0.00,-30.48,0.000,0.000,0.000
6158,1000,0.00,-50.64,0.000,0.000,0.000,0.00,24.94,0.000,0.000,0.000,0.00,-28.14,0.000,0.000,0.000
6178,1000,0.00,-50.96,0.000,0.000,0.000,0.00,17.79,0.000,0.000,0.000,0.00,-23.21,0.000,0.000,0.000
6198,1000,0.00,-49.65,0.000,0.000,0.000,0.00,11.79,0.000,0.000,0.000,0.00,-14.62,0.000,0.000,0.000
6218,1000,0.00,-46.90,0.000,0.000,0.000,0.00,7.38,0.000,0.000,0.000,0.00,-3.46,0.000,0.000,0.000
6238,1000,0.00,-44.41,0.000,0.000,0.000,0.00,3.61,0.000,0.000,0.000,0.00,6.51,0.000,0.000,0.000
6258,1000,0.00,-43.02,0.000,0.000,0.000,0.00,-0.35,0.000,0.000,0.000,0.00,13.61,0.000,0.000,0.000
6278,1000,0.00,-43.26,0.000,0.000,0.000,0.00,-5.14,0.000,0.000,0.000,0.00,17.78,0.000,0.000,0.000
6298,1000,0.00,-43.85,0.000,0.000,0.000,0.00,-11.49,0.000,0.000,0.000,0.00,19.40,0.000,0.000,0.000
6318,1000,0.00,-42.35,0.000,0.000,0.000,0.00,-18.73,0.000,0.000,0.000,0.00,18.99,0.000,0.000,0.000
6338,1000,0.00,-37.78,0.000,0.000,0.000,0.00,-26.52,0.000,0.000,0.000,0.00,18.88,0.000,0.000,0.000
6358,1000,0.00,-31.45,0.000,0.000,0.000,0.00,-34.62,0.000,0.000,0.000,0.00,18.41,0.000,0.000,0.000
6378,1000,0.00,-24.58,0.000,0.000,0.000,0.00,-43.32,0.000,0.000,0.000,0.00,17.77,0.000,0.000,0.000
6398,1000,0.00,-17.83,0.000,0.000,0.000,0.00,-51.97,0.000,0.000,0.000,0.00,17.31,0.000,0.000,0.000
6418,1000,0.00,-12.70,0.000,0.000,0.000,0.00,-59.94,0.000,0.000,0.000,0.00,17.57,0.000,0.000,0.000
6438,1000,0.00,-10.75,0.000,0.000,0.000,0.00,-68.00,0.000,0.000,0.000,0.00,17.83,0.000,0.000,0.000
6458,1000,0.00,-11.48,0.000,0.000,0.000,0.00,-75.71,0.000,0.000,0.000,0.00,17.31,0.000,0.000,0.000
6478,1000,0.00,-12.76,0.000,0.000,0.000,0.00,-83.00,0.000,0.000,0.000,0.00,16.67,0.000,0.000,0.000
6498,1000,0.00,-13.46,0.000,0.000,0.000,0.00,-88.55,0.000,0.000,0.000,0.00,16.07,0.000,0.000,0.000
6518,1000,0.00,-13.33,0.000,0.000,0.000,0.00,-92.50,0.000,0.000,0.000,0.00,15.54,0.000,0.000,0.000
6538,1000,0.00,-12.24,0.000,0.000,0.000,0.00,-94.47,0.000,0.000,0.000,0.00,14.87,0.000,0.000,0.000
6558,1000,0.00,-9.10,0.000,0.000,0.000,0.00,-94.03,0.000,0.000,0.000,0.00,14.83,0.000,0.000,0.000
6578,1000,0.00,-1.77,0.000,0.000,0.000,0.00,-88.79,0.000,0.000,0.000,0.00,17.63,0.000,0.000,0.000
6598,1000,0.00,9.71,0.000,0.000,0.000,0.00,-76.19,0.000,0.000,0.000,0.00,24.94,0.000,0.000,0.000
6618,1000,0.00,17.35,0.000,0.000,0.000,0.00,-63.19,0.000,0.000,0.000,0.00,31.03,0.000,0.000,0.000
6638,1000,0.00,20.74,0.000,0.000,0.000,0.00,-55.05,0.000,0.000,0.000,0.00,32.79,0.000,0.000,0.000
6658,1000,0.00,24.14,0.000,0.000,0.000,0.00,-50.07,0.000,0.000,0.000,0.00,30.97,0.000,0.000,0.000
6678,1000,0.00,27.94,0.000,0.000,0.000,0.00,-46.94,0.000,0.000,0.000,0.00,27.22,0.000,0.000,0.000
6698,1000,0.00,28.46,0.000,0.000,0.000,0.00,-44.91,0.000,0.000,0.000,0.00,22.45,0.000,0.000,0.000
6718,1000,0.00,25.85,0.000,0.000,0.000,0.00,-43.72,0.000,0.000,0.000,0.00,17.66,0.000,0.000,0.000
6738,1000,0.00,24.83,0.000,0.000,0.000,0.00,-42.84,0.000,0.000,0.000,0.00,12.93,0.000,0.000,0.000
6773,1000,0.00,30.41,0.000,0.000,0.000,0.00,-40.74,0.000,0.000,0.000,0.00,4.56,0.000,0.000,0.000
6778,1000,0.00,31.09,0.000,0.000,0.000,0.00,-40.36,0.000,0.000,0.000,0.00,3.31,0.000,0.000,0.000
6798,1000,0.00,32.67,0.000,0.000,0.000,0.00,-38.52,0.000,0.000,0.000,0.00,-1.20,0.000,0.000,0.000
6818,1000,0.00,35.10,0.000,0.000,0.000,0.00,-36.45,0.000,0.000,0.000,0.00,-5.53,0.000,0.000,0.000
6838,1000,0.00,41.19,0.000,0.000,0.000,0.00,-33.74,0.000,0.000,0.000,0.00,-10.29,0.000,0.000,0.000
6858,1000,0.00,48.48,0.000,0.000,0.000,0.00,-30.29,0.000,0.000,0.000,0.00,-15.15,0.000,0.000,0.000
6878,1000,0.00,50.98,0.000,0.000,0.000,0.00,-25.57,0.000,0.000,0.000,0.00,-19.12,0.000,0.000,0.000
6898,1000,0.00,41.10,0.000,0.000,0.000,0.00,-19.63,0.000,0.000,0.000,0.00,-19.12,0.000,0.000,0.000
6918,1000,0.00,25.88,0.000,0.000,0.000,0.00,-11.92,0.000,0.000,0.000,0.00,-14.46,0.000,0.000,0.000
6938,1000,0.00,19.59,0.000,0.000,0.000,0.00,-2.90,0.000,0.000,0.000,0.00,-11.20,0.000,0.000,0.000
6958,1000,0.00,23.83,0.000,0.000,0.000,0.00,6.80,0.000,0.000,0.000,0.00,-10.94,0.000,0.000,0.000
6978,1000,0.00,28.67,0.000,0.000,0.000,0.00,16.34,0.000,0.000,0.000,0.00,-11.47,0.000,0.000,0.000
6998,1000,0.00,30.31,0.000,0.000,0.000,0.00,27.77,0.000,0.000,0.000,0.00,-12.48,0.000,0.000,0.000
7018,1000,0.00,29.64,0.000,0.000,0.000,0.00,42.23,0.000,0.000,0.000,0.00,-13.49,0.000,0.000,0.000
7038,1000,0.00,28.86,0.000,0.000,0.000,0.00,57.90,0.000,0.000,0.000,0.00,-14.77,0.000,0.000,0.000
7058,1000,0.00,28.64,0.000,0.000,0.000,0.00,71.38,0.000,0.000,0.000,0.00,-16.63,0.000,0.000,0.000
7078,1000,0.00,27.88,0.000,0.000,0.000,0.00,82.00,0.000,0.000,0.000,0.00,-19.20,0.000,0.000,0.000
7098,1000,0.00,26.55,0.000,0.000,0.000,0.00,88.55,0.000,0.000,0.000,0.00,-22.46,0.000,0.000,0.000
7118,1000,0.00,23.53,0.000,0.000,0.000,0.00,92.66,0.000,0.000,0.000,0.00,-25.90,0.000,0.000,0.000
7138,1000,0.00,19.07,0.000,0.000,0.000,0.00,94.54,0.000,0.000,0.000,0.00,-28.22,0.000,0.000,0.000
7158,1000,0.00,10.23,0.000,0.000,0.000,0.00,94.26,0.000,0.000,0.000,0.00,-30.42,0.000,0.000,0.000
7178,1000,0.00,-3.23,0.000,0.000,0.000,0.00,91.50,0.000,0.000,0.000,0.00,-32.66,0.000,0.000,0.000
7198,1000,0.00,-15.77,0.000,0.000,0.000,0.00,86.87,0.000,0.000,0.000,0.00,-35.07,0.000,0.000,0.000
7218,1000,0.00,-23.57,0.000,0.000,0.000,0.00,81.36,0.000,0.000,0.000,0.00,-36.77,0.000,0.000,0.000
7238,1000,0.00,-28.27,0.000,0.000,0.000,0.00,74.86,0.000,0.000,0.000,0.00,-37.81,0.000,0.000,0.000
7258,1000,0.00,-32.72,0.000,0.000,0.000,0.00,67.50,0.000,0.000,0.000,0.00,-38.59,0.000,0.000,0.000
7278,1000,0.00,-37.14,0.000,0.000,0.000,0.00,59.90,0.000,0.000,0.000,0.00,-38.80,0.000,0.000,0.000
7298,1000,0.00,-41.39,0.000,0.000,0.000,0.00,52.29,0.000,0.000,0.000,0.00,-38.10,0.000,0.000,0.000
7318,1000,0.00,-45.59,0.000,0.000,0.000,0.00,44.46,0.000,0.000,0.000,0.00,-36.66,0.000,0.000,0.000
7338,1000,0.00,-49.63,0.000,0.000,0.000,0.00,36.42,0.000,0.000,0.000,0.00,-34.71,0.000,0.000,0.000
7358,1000,0.00,-52.81,0.000,0.000,0.000,0.00,28.71,0.000,0.000,0.000,0.00,-32.19,0.000,0.000,0.000
7378,1000,0.00,-54.84,0.000,0.000,0.000,0.00,22.32,0.000,0.000,0.000,0.00,-29.24,0.000,0.000,0.000
7398,1000,0.00,-55.75,0.000,0.000,0.000,0.00,17.15,0.000,0.000,0.000,0.00,-25.44,0.000,0.000,0.000
7418,1000,0.00,-55.55,0.000,0.000,0.000,0.00,12.61,0.000,0.000,0.000,0.00,-21.71,0.000,0.000,0.000
7438,1000,0.00,-54.79,0.000,0.000,0.000,0.00,8.71,0.000,0.000,0.000,0.00,-17.79,0.000,0.000,0.000
7458,1000,0.00,-53.68,0.000,0.000,0.000,0.00,5.56,0.000,0.000,0.000,0.00,-13.79,0.000,0.000,0.000
7478,1000,0.00,-51.80,0.000,0.000,0.000,0.00,3.44,0.000,0.000,0.000,0.00,-9.58,0.000,0.000,0.000
7498,1000,0.00,-48.75,0.000,0.000,0.000,0.00,2.45,0.000,0.000,0.000,0.00,-4.92,0.000,0.000,0.000
7518,1000,0.00,-45.94,0.000,0.000,0.000,0.00,1.56,0.000,0.000,0.000,0.00,-0.16,0.000,0.000,0.000
7538,1000,0.00,-45.36,0.000,0.000,0.000,0.00,0.19,0.000,0.000,0.000,0.00,4.19,0.000,0.000,0.000
7558,1000,0.00,-45.66,0.000,0.000,0.000,0.00,-2.36,0.000,0.000,0.000,0.00,8.16,0.000,0.000,0.000
7578,1000,0.00,-43.42,0.000,0.000,0.000,0.00,-5.77,0.000,0.000,0.000,0.00,11.32,0.000,0.000,0.000
7613,1000,0.00,-32.97,0.000,0.000,0.000,0.00,-13.23,0.000,0.000,0.000,0.00,15.49,0.000,0.000,0.000
7618,1000,0.00,-31.36,0.000,0.000,0.000,0.00,-14.35,0.000,0.000,0.000,0.00,16.03,0.000,0.000,0.000
7638,1000,0.00,-25.23,0.000,0.000,0.000,0.00,-18.81,0.000,0.000,0.000,0.00,18.04,0.000,0.000,0.000
7658,1000,0.00,-20.65,0.000,0.000,0.000,0.00,-22.87,0.000,0.000,0.000,0.00,20.38,0.000,0.000,0.000
7678,1000,0.00,-19.78,0.000,0.000,0.000,0.00,-26.67,0.000,0.000,0.000,0.00,23.17,0.000,0.000,0.000
7698,1000,0.00,-24.29,0.000,0.000,0.000,0.00,-30.06,0.000,0.000,0.000,0.00,26.09,0.000,0.000,0.000
7718,1000,0.00,-31.97,0.000,0.000,0.000,0.00,-33.54,0.000,0.000,0.000,0.00,28.99,0.000,0.000,0.000
7738,1000,0.00,-38.59,0.000,0.000,0.000,0.00,-36.88,0.000,0.000,0.000,0.00,31.54,0.000,0.000,0.000
7758,1000,0.00,-40.88,0.000,0.000,0.000,0.00,-39.54,0.000,0.000,0.000,0.00,33.96,0.000,0.000,0.000
7778,1000,0.00,-38.97,0.000,0.000,0.000,0.00,-41.90,0.000,0.000,0.000,0.00,36.35,0.000,0.000,0.000
7798,1000,0.00,-33.80,0.000,0.000,0.000,0.00,-44.27,0.000,0.000,0.000,0.00,37.92,0.000,0.000,0.000
7818,1000,0.00,-25.17,0.000,0.000,0.000,0.00,-46.99,0.000,0.000,0.000,0.00,38.53,0.000,0.000,0.000
7838,1000,0.00,-14.23,0.000,0.000,0.000,0.00,-50.26,0.000,0.000,0.000,0.00,38.12,0.000,0.000,0.000
7858,1000,0.00,-3.62,0.000,0.000,0.000,0.00,-53.71,0.000,0.000,0.000,0.00,37.00,0.000,0.000,0.000
7878,1000,0.00,6.02,0.000,0.000,0.000,0.00,-56.93,0.000,0.000,0.000,0.00,35.80,0.000,0.000,0.000
7898,1000,0.00,15.01,0.000,0.000,0.000,0.00,-59.92,0.000,0.000,0.000,0.00,34.32,0.000,0.000,0.000
7918,1000,0.00,21.86,0.000,0.000,0.000,0.00,-62.52,0.000,0.000,0.000,0.00,32.19,0.000,0.000,0.000
7938,1000,0.00,25.21,0.000,0.000,0.000,0.00,-64.91,0.000,0.000,0.000,0.00,29.78,0.000,0.000,0.000
7958,1000,0.00,26.34,0.000,0.000,0.000,0.00,-66.48,0.000,0.000,0.000,0.00,27.22,0.000,0.000,0.000
7978,1000,0.00,26.64,0.000,0.000,0.000,0.00,-67.00,0.000,0.000,0.000,0.00,24.71,0.000,0.000,0.000
7998,1000,0.00,26.17,0.000,0.000,0.000,0.00,-66.26,0.000,0.000,0.000,0.00,22.04,0.000,0.000,0.000
8018,1000,0.00,25.19,0.000,0.000,0.000,0.00,-64.23,0.000,0.000,0.000,0.00,19.23,0.000,0.000,0.000
8038,1000,0.00,24.63,0.000,0.000,0.000,0.00,-61.23,0.000,0.000,0.000,0.00,16.54,0.000,0.000,0.000
8058,1000,0.00,25.70,0.000,0.000,0.000,0.00,-57.37,0.000,0.000,0.000,0.00,13.78,0.000,0.000,0.000
8078,1000,0.00,27.85,0.000,0.000,0.000,0.00,-52.41,0.000,0.000,0.000,0.00,11.08,0.000,0.000,0.000
8098,1000,0.00,30.14,0.000,0.000,0.000,0.00,-46.33,0.000,0.000,0.000,0.00,8.70,0.000,0.000,0.000
8118,1000,0.00,32.55,0.000,0.000,0.000,0.00,-39.14,0.000,0.000,0.000,0.00,6.21,0.000,0.000,0.000
8138,1000,0.00,34.54,0.000,0.000,0.000,0.00,-30.62,0.000,0.000,0.000,0.00,3.67,0.000,0.000,0.000
8158,1000,0.00,35.94,0.000,0.000,0.000,0.00,-21.46,0.000,0.000,0.000,0.00,1.25,0.000,0.000,0.000
8178,1000,0.00,38.38,0.000,0.000,0.000,0.00,-11.97,0.000,0.000,0.000,0.00,-1.38,0.000,0.000,0.000
8198,1000,0.00,42.52,0.000,0.000,0.000,0.00,-2.06,0.000,0.000,0.000,0.00,-4.46,0.000,0.000,0.000
8218,1000,0.00,47.25,0.000,0.000,0.000,0.00,6.78,0.000,0.000,0.000,0.00,-7.68,0.000,0.000,0.000
8238,1000,0.00,53.51,0.000,0.000,0.000,0.00,14.95,0.000,0.000,0.000,0.00,-11.96,0.000,0.000,0.000
8258,1000,0.00,60.34,0.000,0.000,0.000,0.00,21.97,0.000,0.000,0.000,0.00,-17.04,0.000,0.000,0.000
8278,1000,0.00,65.03,0.000,0.000,0.000,0.00,28.34,0.000,0.000,0.000,0.00,-21.99,0.000,0.000,0.000
8298,1000,0.00,66.03,0.000,0.000,0.000,0.00,34.36,0.000,0.000,0.000,0.00,-26.14,0.000,0.000,0.000
8318,1000,0.00,63.64,0.000,0.000,0.000,0.00,40.77,0.000,0.000,0.000,0.00,-29.99,0.000,0.000,0.000
8338,1000,0.00,58.49,0.000,0.000,0.000,0.00,46.63,0.000,0.000,0.000,0.00,-33.15,0.000,0.000,0.000
8358,1000,0.00,50.81,0.000,0.000,0.000,0.00,52.77,0.000,0.000,0.000,0.00,-35.59,0.000,0.000,0.000
8378,1000,0.00,40.92,0.000,0.000,0.000,0.00,58.32,0.000,0.000,0.000,0.00,-37.29,0.000,0.000,0.000
8398,1000,0.00,30.58,0.000,0.000,0.000,0.00,63.30,0.000,0.000,0.000,0.00,-38.77,0.000,0.000,0.000
8418,1000,0.00,22.66,0.000,0.000,0.000,0.00,66.60,0.000,0.000,0.000,0.00,-40.19,0.000,0.000,0.000
8454,1000,0.00,12.20,0.000,0.000,0.000,0.00,66.23,0.000,0.000,0.000,0.00,-44.13,0.000,0.000,0.000
8458,1000,0.00,11.45,0.000,0.000,0.000,0.00,65.87,0.000,0.000,0.000,0.00,-44.43,0.000,0.000,0.000
8478,1000,0.00,7.67,0.000,0.000,0.000,0.00,62.51,0.000,0.000,0.000,0.00,-45.81,0.000,0.000,0.000
8498,1000,0.00,4.72,0.000,0.000,0.000,0.00,57.09,0.000,0.000,0.000,0.00,-45.97,0.000,0.000,0.000
8518,1000,0.00,-0.15,0.000,0.000,0.000,0.00,48.31,0.000,0.000,0.000,0.00,-45.44,0.000,0.000,0.000
8538,1000,0.00,-7.31,0.000,0.000,0.000,0.00,35.97,0.000,0.000,0.000,0.00,-44.84,0.000,0.000,0.000
8558,1000,0.00,-14.18,0.000,0.000,0.000,0.00,22.22,0.000,0.000,0.000,0.00,-43.04,0.000,0.000,0.000
8578,1000,0.00,-18.78,0.000,0.000,0.000,0.00,9.61,0.000,0.000,0.000,0.00,-39.88,0.000,0.000,0.000
8598,1000,0.00,-21.13,0.000,0.000,0.000,0.00,-1.37,0.000,0.000,0.000,0.00,-35.56,0.000,0.000,0.000
8618,1000,0.00,-22.61,0.000,0.000,0.000,0.00,-11.19,0.000,0.000,0.000,0.00,-30.72,0.000,0.000,0.000
8638,1000,0.00,-23.86,0.000,0.000,0.000,0.00,-20.01,0.000,0.000,0.000,0.00,-25.90,0.000,0.000,0.000
8658,1000,0.00,-24.17,0.000,0.000,0.000,0.00,-27.05,0.000,0.000,0.000,0.00,-20.86,0.000,0.000,0.000
8678,1000,0.00,-23.77,0.000,0.000,0.000,0.00,-31.26,0.000,0.000,0.000,0.00,-15.67,0.000,0.000,0.000
8698,1000,0.00,-23.30,0.000,0.000,0.000,0.00,-32.67,0.000,0.000,0.000,0.00,-10.78,0.000,0.000,0.000
8718,1000,0.00,-21.23,0.000,0.000,0.000,0.00,-30.71,0.000,0.000,0.000,0.00,-6.05,0.000,0.000,0.000
8738,1000,0.00,-16.64,0.000,0.000,0.000,0.00,-24.48,0.000,0.000,0.000,0.00,-0.13,0.000,0.000,0.000
8758,1000,0.00,-10.56,0.000,0.000,0.000,0.00,-13.20,0.000,0.000,0.000,0.00,8.29,0.000,0.000,0.000
8778,1000,0.00,-7.63,0.000,0.000,0.000,0.00,-0.18,0.000,0.000,0.000,0.00,16.88,0.000,0.000,0.000
8798,1000,0.00,-10.59,0.000,0.000,0.000,0.00,10.16,0.000,0.000,0.000,0.00,23.11,0.000,0.000,0.000
8818,1000,0.00,-16.32,0.000,0.000,0.000,0.00,17.97,0.000,0.000,0.000,0.00,26.10,0.000,0.000,0.000
8838,1000,0.00,-22.84,0.000,0.000,0.000,0.00,23.04,0.000,0.000,0.000,0.00,26.88,0.000,0.000,0.000
8858,1000,0.00,-31.77,0.000,0.000,0.000,0.00,25.71,0.000,0.000,0.000,0.00,26.18,0.000,0.000,0.000
8878,1000,0.00,-42.43,0.000,0.000,0.000,0.00,26.23,0.000,0.000,0.000,0.00,24.35,0.000,0.000,0.000
8898,1000,0.00,-50.56,0.000,0.000,0.000,0.00,25.23,0.000,0.000,0.000,0.00,21.89,0.000,0.000,0.000
8918,1000,0.00,-54.56,0.000,0.000,0.000,0.00,24.77,0.000,0.000,0.000,0.00,19.37,0.000,0.000,0.000
8938,1000,0.00,-56.61,0.000,0.000,0.000,0.00,25.67,0.000,0.000,0.000,0.00,18.06,0.000,0.000,0.000
8958,1000,0.00,-57.60,0.000,0.000,0.000,0.00,27.62,0.000,0.000,0.000,0.00,17.98,0.000,0.000,0.000
8978,1000,0.00,-56.26,0.000,0.000,0.000,0.00,29.06,0.000,0.000,0.000,0.00,18.15,0.000,0.000,0.000
8998,1000,0.00,-52.46,0.000,0.000,0.000,0.00,28.65,0.000,0.000,0.000,0.00,17.95,0.000,0.000,0.000
9018,1000,0.00,-47.66,0.000,0.000,0.000,0.00,24.94,0.000,0.000,0.000,0.00,16.97,0.000,0.000,0.000
9038,1000,0.00,-42.18,0.000,0.000,0.000,0.00,17.85,0.000,0.000,0.000,0.00,14.91,0.000,0.000,0.000
9058,1000,0.00,-35.23,0.000,0.000,0.000,0.00,8.31,0.000,0.000,0.000,0.00,12.77,0.000,0.000,0.000
9078,1000,0.00,-27.26,0.000,0.000,0.000,0.00,-2.64,0.000,0.000,0.000,0.00,11.29,0.000,0.000,0.000
9098,1000,0.00,-19.78,0.000,0.000,0.000,0.00,-14.44,0.000,0.000,0.000,0.00,9.98,0.000,0.000,0.000
9118,1000,0.00,-13.80,0.000,0.000,0.000,0.00,-26.64,0.000,0.000,0.000,0.00,8.91,0.000,0.000,0.000
9138,1000,0.00,-8.10,0.000,0.000,0.000,0.00,-37.97,0.000,0.000,0.000,0.00,8.58,0.000,0.000,0.000
9158,1000,0.00,-1.17,0.000,0.000,0.000,0.00,-46.93,0.000,0.000,0.000,0.00,9.31,0.000,0.000,0.000
9178,1000,0.00,4.74,0.000,0.000,0.000,0.00,-54.12,0.000,0.000,0.000,0.00,10.67,0.000,0.000,0.000
9198,1000,0.00,6.75,0.000,0.000,0.000,0.00,-58.18,0.000,0.000,0.000,0.00,12.50,0.000,0.000,0.000
9218,1000,0.00,6.81,0.000,0.000,0.000,0.00,-58.30,0.000,0.000,0.000,0.00,15.96,0.000,0.000,0.000
9238,1000,0.00,6.99,0.000,0.000,0.000,0.00,-54.19,0.000,0.000,0.000,0.00,20.45,0.000,0.000,0.000
9258,1000,0.00,7.99,0.000,0.000,0.000,0.00,-47.86,0.000,0.000,0.000,0.00,24.80,0.000,0.000,0.000
9293,1000,0.00,10.29,0.000,0.000,0.000,0.00,-35.32,0.000,0.000,0.000,0.00,30.22,0.000,0.000,0.000
9298,1000,0.00,10.31,0.000,0.000,0.000,0.00,-33.00,0.000,0.000,0.000,0.00,30.97,0.000,0.000,0.000
9318,1000,0.00,9.79,0.000,0.000,0.000,0.00,-25.17,0.000,0.000,0.000,0.00,33.08,0.000,0.000,0.000
9338,1000,0.00,9.33,0.000,0.000,0.000,0.00,-17.46,0.000,0.000,0.000,0.00,34.54,0.000,0.000,0.000
9358,1000,0.00,9.36,0.000,0.000,0.000,0.00,-10.90,0.000,0.000,0.000,0.00,34.97,0.000,0.000,0.000
9378,1000,0.00,8.75,0.000,0.000,0.000,0.00,-5.14,0.000,0.000,0.000,0.00,34.65,0.000,0.000,0.000
9398,1000,0.00,6.84,0.000,0.000,0.000,0.00,-0.81,0.000,0.000,0.000,0.00,33.41,0.000,0.000,0.000
9418,1000,0.00,3.39,0.000,0.000,0.000,0.00,2.40,0.000,0.000,0.000,0.00,31.61,0.000,0.000,0.000
9438,1000,0.00,-0.81,0.000,0.000,0.000,0.00,4.69,0.000,0.000,0.000,0.00,29.83,0.000,0.000,0.000
9458,1000,0.00,-4.79,0.000,0.000,0.000,0.00,5.53,0.000,0.000,0.000,0.00,28.19,0.000,0.000,0.000
9478,1000,0.00,-9.31,0.000,0.000,0.000,0.00,4.63,0.000,0.000,0.000,0.00,26.44,0.000,0.000,0.000
9498,1000,0.00,-14.39,0.000,0.000,0.000,0.00,2.40,0.000,0.000,0.000,0.00,25.06,0.000,0.000,0.000
9518,1000,0.00,-17.85,0.000,0.000,0.000,0.00,-0.48,0.000,0.000,0.000,0.00,24.59,0.000,0.000,0.000
9538,1000,0.00,-17.81,0.000,0.000,0.000,0.00,-3.97,0.000,0.000,0.000,0.00,24.30,0.000,0.000,0.000
9558,1000,0.00,-14.53,0.000,0.000,0.000,0.00,-8.32,0.000,0.000,0.000,0.00,23.26,0.000,0.000,0.000
9578,1000,0.00,-9.65,0.000,0.000,0.000,0.00,-12.68,0.000,0.000,0.000,0.00,21.63,0.000,0.000,0.000
9598,1000,0.00,-4.53,0.000,0.000,0.000,0.00,-15.29,0.000,0.000,0.000,0.00,20.56,0.000,0.000,0.000
9618,1000,0.00,1.93,0.000,0.000,0.000,0.00,-15.78,0.000,0.000,0.000,0.00,19.95,0.000,0.000,0.000
9638,1000,0.00,11.38,0.000,0.000,0.000,0.00,-14.10,0.000,0.000,0.000,0.00,19.12,0.000,0.000,0.000
9658,1000,0.00,22.80,0.000,0.000,0.000,0.00,-11.00,0.000,0.000,0.000,0.00,18.15,0.000,0.000,0.000
9678,1000,0.00,32.58,0.000,0.000,0.000,0.00,-7.48,0.000,0.000,0.000,0.00,16.71,0.000,0.000,0.000
9698,1000,0.00,38.72,0.000,0.000,0.000,0.00,-3.23,0.000,0.000,0.000,0.00,14.82,0.000,0.000,0.000
9718,1000,0.00,42.89,0.000,0.000,0.000,0.00,1.62,0.000,0.000,0.000,0.00,12.42,0.000,0.000,0.000
9738,1000,0.00,46.84,0.000,0.000,0.000,0.00,7.53,0.000,0.000,0.000,0.00,9.43,0.000,0.000,0.000
9758,1000,0.00,50.52,0.000,0.000,0.000,0.00,14.16,0.000,0.000,0.000,0.00,6.70,0.000,0.000,0.000
9778,1000,0.00,53.03,0.000,0.000,0.000,0.00,20.66,0.000,0.000,0.000,0.00,3.83,0.000,0.000,0.000
9798,1000,0.00,54.08,0.000,0.000,0.000,0.00,25.97,0.000,0.000,0.000,0.00,0.16,0.000,0.000,0.000
9818,1000,0.00,53.54,0.000,0.000,0.000,0.00,29.84,0.000,0.000,0.000,0.00,-4.16,0.000,0.000,0.000
9838,1000,0.00,50.95,0.000,0.000,0.000,0.00,32.45,0.000,0.000,0.000,0.00,-8.49,0.000,0.000,0.000
9858,1000,0.00,44.93,0.000,0.000,0.000,0.00,33.85,0.000,0.000,0.000,0.00,-12.63,0.000,0.000,0.000
9878,1000,0.00,35.54,0.000,0.000,0.000,0.00,34.60,0.000,0.000,0.000,0.00,-16.11,0.000,0.000,0.000
9898,1000,0.00,25.47,0.000,0.000,0.000,0.00,35.35,0.000,0.000,0.000,0.00,-18.43,0.000,0.000,0.000
9918,1000,0.00,16.67,0.000,0.000,0.000,0.00,35.71,0.000,0.000,0.000,0.00,-19.82,0.000,0.000,0.000
9938,1000,0.00,8.09,0.000,0.000,0.000,0.00,34.87,0.000,0.000,0.000,0.00,-20.59,0.000,0.000,0.000
9958,1000,0.00,-0.73,0.000,0.000,0.000,0.00,31.70,0.000,0.000,0.000,0.00,-21.21,0.000,0.000,0.000
9978,1000,0.00,-9.11,0.000,0.000,0.000,0.00,27.47,0.000,0.000,0.000,0.00,-21.10,0.000,0.000,0.000
9998,1000,0.00,-15.66,0.000,0.000,0.000,0.00,22.66,0.000,0.000,0.000,0.00,-19.78,0.000,0.000,0.000
10018,1000,0.00,-18.30,0.000,0.000,0.000,0.00,17.12,0.000,0.000,0.000,0.00,-17.81,0.000,0.000,0.000
10038,1000,0.00,-17.88,0.000,0.000,0.000,0.00,11.01,0.000,0.000,0.000,0.00,-15.71,0.000,0.000,0.000
10058,1000,0.00,-17.80,0.000,0.000,0.000,0.00,5.94,0.000,0.000,0.000,0.00,-13.50,0.000,0.000,0.000
10078,1000,0.00,-19.14,0.000,0.000,0.000,0.00,2.37,0.000,0.000,0.000,0.00,-10.22,0.000,0.000,0.000
10098,1000,0.00,-21.86,0.000,0.000,0.000,0.00,0.90,0.000,0.000,0.000,0.00,-5.58,0.000,0.000,0.000
10133,1000,0.00,-32.24,0.000,0.000,0.000,0.00,-0.38,0.000,0.000,0.000,0.00,3.63,0.000,0.000,0.000
10138,1000,0.00,-34.18,0.000,0.000,0.000,0.00,-0.76,0.000,0.000,0.000,0.00,5.14,0.000,0.000,0.000
10158,1000,0.00,-38.87,0.000,0.000,0.000,0.00,-2.70,0.000,0.000,0.000,0.00,9.51,0.000,0.000,0.000
10178,1000,0.00,-40.35,0.000,0.000,0.000,0.00,-5.26,0.000,0.000,0.000,0.00,13.38,0.000,0.000,0.000
10198,1000,0.00,-39.55,0.000,0.000,0.000,0.00,-8.62,0.000,0.000,0.000,0.00,16.58,0.000,0.000,0.000
10218,1000,0.00,-37.78,0.000,0.000,0.000,0.00,-12.36,0.000,0.000,0.000,0.00,18.94,0.000,0.000,0.000
10238,1000,0.00,-34.21,0.000,0.000,0.000,0.00,-16.12,0.000,0.000,0.000,0.00,21.08,0.000,0.000,0.000
10258,1000,0.00,-27.75,0.000,0.000,0.000,0.00,-18.87,0.000,0.000,0.000,0.00,23.23,0.000,0.000,0.000
10278,1000,0.00,-17.97,0.000,0.000,0.000,0.00,-21.31,0.000,0.000,0.000,0.00,24.79,0.000,0.000,0.000
10298,1000,0.00,-5.66,0.000,0.000,0.000,0.00,-23.77,0.000,0.000,0.000,0.00,25.34,0.000,0.000,0.000
10318,1000,0.00,7.18,0.000,0.000,0.000,0.00,-25.49,0.000,0.000,0.000,0.00,25.23,0.000,0.000,0.000
10338,1000,0.00,18.70,0.000,0.000,0.000,0.00,-26.32,0.000,0.000,0.000,0.00,25.03,0.000,0.000,0.000
10358,1000,0.00,28.25,0.000,0.000,0.000,0.00,-26.18,0.000,0.000,0.000,0.00,24.35,0.000,0.000,0.000
10378,1000,0.00,34.95,0.000,0.000,0.000,0.00,-25.29,0.000,0.000,0.000,0.00,23.11,0.000,0.000,0.000
10398,1000,0.00,37.70,0.000,0.000,0.000,0.00,-23.77,0.000,0.000,0.000,0.00,21.37,0.000,0.000,0.000
10418,1000,0.00,36.40,0.000,0.000,0.000,0.00,-21.13,0.000,0.000,0.000,0.00,19.63,0.000,0.000,0.000
10438,1000,0.00,32.90,0.000,0.000,0.000,0.00,-17.39,0.000,0.000,0.000,0.00,18.29,0.000,0.000,0.000
10458,1000,0.00,28.86,0.000,0.000,0.000,0.00,-12.38,0.000,0.000,0.000,0.00,16.85,0.000,0.000,0.000
10478,1000,0.00,25.61,0.000,0.000,0.000,0.00,-7.14,0.000,0.000,0.000,0.00,15.49,0.000,0.000,0.000
10498,1000,0.00,24.15,0.000,0.000,0.000,0.00,-1.69,0.000,0.000,0.000,0.00,14.21,0.000,0.000,0.000
10518,1000,0.00,24.92,0.000,0.000,0.000,0.00,3.85,0.000,0.000,0.000,0.00,13.34,0.000,0.000,0.000
10538,1000,0.00,26.77,0.000,0.000,0.000,0.00,8.58,0.000,0.000,0.000,0.00,12.35,0.000,0.000,0.000
10558,1000,0.00,29.38,0.000,0.000,0.000,0.00,11.67,0.000,0.000,0.000,0.00,11.09,0.000,0.000,0.000
10578,1000,0.00,15.41,0.000,0.000,0.000,0.00,10.60,0.000,0.000,0.000,0.00,7.52,0.000,0.000,0.000
10598,1000,0.00,1.01,0.000,0.000,0.000,0.00,6.66,0.000,0.000,0.000,0.00,-1.29,0.000,0.000,0.000
10618,1000,0.00,-18.67,0.000,0.000,0.000,0.00,-1.97,0.000,0.000,0.000,0.00,-2.97,0.000,0.000,0.000
10638,1000,0.00,-14.58,0.000,0.000,0.000,0.00,-14.79,0.000,0.000,0.000,0.00,0.39,0.000,0.000,0.000
10658,1000,0.00,-4.12,0.000,0.000,0.000,0.00,-24.87,0.000,0.000,0.000,0.00,2.58,0.000,0.000,0.000
10678,1000,0.00,-8.01,0.000,0.000,0.000,0.00,-28.23,0.000,0.000,0.000,0.00,6.30,0.000,0.000,0.000
10698,1000,0.00,-12.46,0.000,0.000,0.000,0.00,-21.94,0.000,0.000,0.000,0.00,5.69,0.000,0.000,0.000
10718,1000,0.00,-9.10,0.000,0.000,0.000,0.00,-14.62,0.000,0.000,0.000,0.00,-2.69,0.000,0.000,0.000
10738,1000,0.00,-4.53,0.000,0.000,0.000,0.00,-9.43,0.000,0.000,0.000,0.00,-5.64,0.000,0.000,0.000
10758,1000,0.00,-3.22,0.000,0.000,0.000,0.00,-4.91,0.000,0.000,0.000,0.00,1.66,0.000,0.000,0.000
10778,1000,0.00,1.07,0.000,0.000,0.000,0.00,1.27,0.000,0.000,0.000,0.00,3.71,0.000,0.000,0.000
10798,1000,0.00,4.14,0.000,0.000,0.000,0.00,7.01,0.000,0.000,0.000,0.00,0.03,0.000,0.000,0.000
10818,1000,0.00,1.88,0.000,0.000,0.000,0.00,8.13,0.000,0.000,0.000,0.00,0.30,0.000,0.000,0.000
10838,1000,0.00,2.57,0.000,0.000,0.000,0.00,6.26,0.000,0.000,0.000,0.00,1.95,0.000,0.000,0.000
10858,1000,0.00,3.70,0.000,0.000,0.000,0.00,3.21,0.000,0.000,0.000,0.00,0.71,0.000,0.000,0.000
10878,1000,0.00,0.15,0.000,0.000,0.000,0.00,0.11,0.000,0.000,0.000,0.00,-1.58,0.000,0.000,0.000
10898,1000,0.00,-1.26,0.000,0.000,0.000,0.00,-1.87,0.000,0.000,0.000,0.00,-1.97,0.000,0.000,0.000
10918,1000,0.00,0.31,0.000,0.000,0.000,0.00,-2.50,0.000,0.000,0.000,0.00,-0.36,0.000,0.000,0.000
10938,1000,0.00,-0.30,0.000,0.000,0.000,0.00,-1.43,0.000,0.000,0.000,0.00,0.90,0.000,0.000,0.000
10973,1000,0.00,1.01,0.000,0.000,0.000,0.00,1.74,0.000,0.000,0.000,0.00,-1.06,0.000,0.000,0.000
10978,1000,0.00,1.47,0.000,0.000,0.000,0.00,1.99,0.000,0.000,0.000,0.00,-1.09,0.000,0.000,0.000
10998,1000,0.00,1.74,0.000,0.000,0.000,0.00,2.68,0.000,0.000,0.000,0.00,-0.19,0.000,0.000,0.000
11018,1000,0.00,0.98,0.000,0.000,0.000,0.00,3.00,0.000,0.000,0.000,0.00,0.56,0.000,0.000,0.000
11038,1000,0.00,1.56,0.000,0.000,0.000,0.00,2.63,0.000,0.000,0.000,0.00,-0.10,0.000,0.000,0.000
11058,1000,0.00,1.22,0.000,0.000,0.000,0.00,1.58,0.000,0.000,0.000,0.00,-0.83,0.000,0.000,0.000
11078,1000,0.00,-0.18,0.000,0.000,0.000,0.00,0.31,0.000,0.000,0.000,0.00,-0.31,0.000,0.000,0.000
11098,1000,0.00,-0.26,0.000,0.000,0.000,0.00,-0.71,0.000,0.000,0.000,0.00,0.54,0.000,0.000,0.000
11118,1000,0.00,-0.20,0.000,0.000,0.000,0.00,-1.31,0.000,0.000,0.000,0.00,0.27,0.000,0.000,0.000
11138,1000,0.00,-1.08,0.000,0.000,0.000,0.00,-1.51,0.000,0.000,0.000,0.00,-0.31,0.000,0.000,0.000
11158,1000,0.00,-0.82,0.000,0.000,0.000,0.00,-1.23,0.000,0.000,0.000,0.00,-0.19,0.000,0.000,0.000
11178,1000,0.00,0.05,0.000,0.000,0.000,0.00,-0.64,0.000,0.000,0.000,0.00,0.25,0.000,0.000,0.000
11198,1000,0.00,-0.09,0.000,0.000,0.000,0.00,0.06,0.000,0.000,0.000,0.00,0.18,0.000,0.000,0.000
11218,1000,0.00,0.02,0.000,0.000,0.000,0.00,0.66,0.000,0.000,0.000,0.00,-0.26,0.000,0.000,0.000
11238,1000,0.00,0.70,0.000,0.000,0.000,0.00,0.95,0.000,0.000,0.000,0.00,-0.23,0.000,0.000,0.000
11258,1000,0.00,0.52,0.000,0.000,0.000,0.00,0.97,0.000,0.000,0.000,0.00,0.10,0.000,0.000,0.000
11278,1000,0.00,0.12,0.000,0.000,0.000,0.00,0.74,0.000,0.000,0.000,0.00,0.09,0.000,0.000,0.000
11298,1000,0.00,0.31,0.000,0.000,0.000,0.00,0.29,0.000,0.000,0.000,0.00,-0.19,0.000,0.000,0.000
11318,1000,0.00,0.06,0.000,0.000,0.000,0.00,-0.16,0.000,0.000,0.000,0.00,-0.14,0.000,0.000,0.000
11338,1000,0.00,-0.41,0.000,0.000,0.000,0.00,-0.44,0.000,0.000,0.000,0.00,0.15,0.000,0.000,0.000
11358,1000,0.00,-0.18,0.000,0.000,0.000,0.00,-0.53,0.000,0.000,0.000,0.00,0.10,0.000,0.000,0.000
11378,1000,0.00,-0.10,0.000,0.000,0.000,0.00,-0.44,0.000,0.000,0.000,0.00,-0.13,0.000,0.000,0.000
11398,1000,0.00,-0.32,0.000,0.000,0.000,0.00,-0.21,0.000,0.000,0.000,0.00,-0.07,0.000,0.000,0.000
11418,1000,0.00,0.02,0.000,0.000,0.000,0.00,0.11,0.000,0.000,0.000,0.00,0.06,0.000,0.000,0.000
11438,1000,0.00,0.28,0.000,0.000,0.000,0.00,0.34,0.000,0.000,0.000,0.00,0.01,0.000,0.000,0.000
11458,1000,0.00,0.03,0.000,0.000,0.000,0.00,0.40,0.000,0.000,0.000,0.00,-0.08,0.000,0.000,0.000
11478,1000,0.00,0.12,0.000,0.000,0.000,0.00,0.39,0.000,0.000,0.000,0.00,-0.07,0.000,0.000,0.000
11498,1000,0.00,0.26,0.000,0.000,0.000,0.00,0.25,0.000,0.000,0.000,0.00,0.01,0.000,0.000,0.000
11518,1000,0.00,-0.04,0.000,0.000,0.000,0.00,0.05,0.000,0.000,0.000,0.00,0.03,0.000,0.000,0.000
11538,1000,0.00,-0.15,0.000,0.000,0.000,0.00,-0.09,0.000,0.000,0.000,0.00,-0.02,0.000,0.000,0.000
11558,1000,0.00,0.05,0.000,0.000,0.000,0.00,-0.19,0.000,0.000,0.000,0.00,-0.02,0.000,0.000,0.000
11578,1000,0.00,-0.10,0.000,0.000,0.000,0.00,-0.18,0.000,0.000,0.000,0.00,0.04,0.000,0.000,0.000
11598,1000,0.00,-0.17,0.000,0.000,0.000,0.00,-0.10,0.000,0.000,0.000,0.00,0.03,0.000,0.000,0.000
11618,1000,0.00,0.08,0.000,0.000,0.000,0.00,0.00,0.000,0.000,0.000,0.00,-0.05,0.000,0.000,0.000
11638,1000,0.00,0.06,0.000,0.000,0.000,0.00,0.11,0.000,0.000,0.000,0.00,-0.04,0.000,0.000,0.000
11658,1000,0.00,-0.04,0.000,0.000,0.000,0.00,0.19,0.000,0.000,0.000,0.00,0.03,0.000,0.000,0.000
11678,1000,0.00,0.12,0.000,0.000,0.000,0.00,0.16,0.000,0.000,0.000,0.00,-0.00,0.000,0.000,0.000
11698,1000,0.00,0.09,0.000,0.000,0.000,0.00,0.10,0.000,0.000,0.000,0.00,-0.04,0.000,0.000,0.000
11718,1000,0.00,-0.06,0.000,0.000,0.000,0.00,0.02,0.000,0.000,0.000,0.00,-0.00,0.000,0.000,0.000
11738,1000,0.00,0.02,0.000,0.000,0.000,0.00,-0.03,0.000,0.000,0.000,0.00,0.01,0.000,0.000,0.000
11758,1000,0.00,0.03,0.000,0.000,0.000,0.00,-0.06,0.000,0.000,0.000,0.00,-0.02,0.000,0.000,0.000
11778,1000,0.00,-0.10,0.000,0.000,0.000,0.00,-0.06,0.000,0.000,0.000,0.00,-0.02,0.000,0.000,0.000
11816,1000,0.00,0.08,0.000,0.000,0.000,0.00,0.00,0.000,0.000,0.000,0.00,-0.02,0.000,0.000,0.000
11818,1000,0.00,0.08,0.000,0.000,0.000,0.00,0.02,0.000,0.000,0.000,0.00,-0.02,0.000,0.000,0.000
11838,1000,0.00,-0.03,0.000,0.000,0.000,0.00,0.05,0.000,0.000,0.000,0.00,-0.04,0.000,0.000,0.000
11858,1000,0.00,0.03,0.000,0.000,0.000,0.00,0.08,0.000,0.000,0.000,0.00,-0.04,0.000,0.000,0.000
11878,1000,0.00,0.09,0.000,0.000,0.000,0.00,0.08,0.000,0.000,0.000,0.00,-0.02,0.000,0.000,0.000
11898,1000,0.00,0.02,0.000,0.000,0.000,0.00,0.05,0.000,0.000,0.000,0.00,-0.00,0.000,0.000,0.000
11918,1000,0.00,-0.01,0.000,0.000,0.000,0.00,0.03,0.000,0.000,0.000,0.00,-0.00,0.000,0.000,0.000
11938,1000,0.00,0.06,0.000,0.000,0.000,0.00,0.00,0.000,0.000,0.000,0.00,-0.02,0.000,0.000,0.000
11958,1000,0.00,-0.03,0.000,0.000,0.000,0.00,-0.01,0.000,0.000,0.000,0.00,-0.02,0.000,0.000,0.000
11978,1000,0.00,-0.06,0.000,0.000,0.000,0.00,0.00,0.000,0.000,0.000,0.00,-0.00,0.000,0.000,0.000
11998,1000,0.00,0.02,0.000,0.000,0.000,0.00,0.02,0.000,0.000,0.000,0.00,-0.02,0.000,0.000,0.000
12018,1000,0.00,0.00,0.000,0.000,0.000,0.00,0.03,0.000,0.000,0.000,0.00,-0.00,0.000,0.000,0.000
12038,1000,0.00,-0.04,0.000,0.000,0.000,0.00,0.05,0.000,0.000,0.000,0.00,0.03,0.000,0.000,0.000
12058,1000,0.00,0.05,0.000,0.000,0.000,0.00,0.05,0.000,0.000,0.000,0.00,-0.00,0.000,0.000,0.000
12078,1000,0.00,0.05,0.000,0.000,0.000,0.00,0.03,0.000,0.000,0.000,0.00,-0.02,0.000,0.000,0.000
12098,1000,0.00,-0.01,0.000,0.000,0.000,0.00,0.03,0.000,0.000,0.000,0.00,-0.00,0.000,0.000,0.000
12118,1000,0.00,0.02,0.000,0.000,0.000,0.00,0.00,0.000,0.000,0.000,0.00,-0.00,0.000,0.000,0.000
12138,1000,0.00,-0.01,0.000,0.000,0.000,0.00,-0.04,0.000,0.000,0.000,0.00,-0.00,0.000,0.000,0.000
12158,1000,0.00,-0.06,0.000,0.000,0.000,0.00,0.00,0.000,0.000,0.000,0.00,-0.00,0.000,0.000,0.000
12178,1000,0.00,-0.03,0.000,0.000,0.000,0.00,0.00,0.000,0.000,0.000,0.00,-0.00,0.000,0.000,0.000
12198,1000,0.00,0.03,0.000,0.000,0.000,0.00,0.03,0.000,0.000,0.000,0.00,-0.00,0.000,0.000,0.000
12218,1000,0.00,-0.01,0.000,0.000,0.000,0.00,0.03,0.000,0.000,0.000,0.00,-0.04,0.000,0.000,0.000
12238,1000,0.00,0.02,0.000,0.000,0.000,0.00,0.05,0.000,0.000,0.000,0.00,-0.04,0.000,0.000,0.000
12258,1000,0.00,0.06,0.000,0.000,0.000,0.00,0.05,0.000,0.000,0.000,0.00,-0.04,0.000,0.000,0.000
12278,1000,0.00,0.02,0.000,0.000,0.000,0.00,0.02,0.000,0.000,0.000,0.00,-0.04,0.000,0.000,0.000
12298,1000,0.00,-0.01,0.000,0.000,0.000,0.00,0.02,0.000,0.000,0.000,0.00,-0.02,0.000,0.000,0.000
12318,1000,0.00,0.03,0.000,0.000,0.000,0.00,0.00,0.000,0.000,0.000,0.00,-0.04,0.000,0.000,0.000
12338,1000,0.00,0.02,0.000,0.000,0.000,0.00,0.00,0.000,0.000,0.000,0.00,-0.02,0.000,0.000,0.000
12358,1000,0.00,-0.01,0.000,0.000,0.000,0.00,0.00,0.000,0.000,0.000,0.00,-0.02,0.000,0.000,0.000
12378,1000,0.00,0.02,0.000,0.000,0.000,0.00,0.00,0.000,0.000,0.000,0.00,-0.02,0.000,0.000,0.000
12398,1000,0.00,0.00,0.000,0.000,0.000,0.00,0.02,0.000,0.000,0.000,0.00,-0.00,0.000,0.000,0.000
12418,1000,0.00,-0.01,0.000,0.000,0.000,0.00,0.05,0.000,0.000,0.000,0.00,-0.00,0.000,0.000,0.000
12438,1000,0.00,0.03,0.000,0.000,0.000,0.00,0.00,0.000,0.000,0.000,0.00,-0.02,0.000,0.000,0.000
12458,1000,0.00,0.05,0.000,0.000,0.000,0.00,0.02,0.000,0.000,0.000,0.00,-0.02,0.000,0.000,0.000
12478,1000,0.00,0.02,0.000,0.000,0.000,0.00,0.00,0.000,0.000,0.000,0.00,0.01,0.000,0.000,0.000
12498,1000,0.00,0.00,0.000,0.000,0.000,0.00,0.00,0.000,0.000,0.000,0.00,-0.00,0.000,0.000,0.000
12518,1000,0.00,-0.01,0.000,0.000,0.000,0.00,0.00,0.000,0.000,0.000,0.00,0.01,0.000,0.000,0.000
12538,1000,0.00,-0.03,0.000,0.000,0.000,0.00,-0.01,0.000,0.000,0.000,0.00,0.01,0.000,0.000,0.000
12558,1000,0.00,-0.01,0.000,0.000,0.000,0.00,-0.01,0.000,0.000,0.000,0.00,0.01,0.000,0.000,0.000
12578,1000,0.00,0.02,0.000,0.000,0.000,0.00,0.00,0.000,0.000,0.000,0.00,0.01,0.000,0.000,0.000
12598,1000,0.00,0.00,0.000,0.000,0.000,0.00,0.00,0.000,0.000,0.000,0.00,-0.00,0.000,0.000,0.000
12618,1000,0.00,0.02,0.000,0.000,0.000,0.00,-0.01,0.000,0.000,0.000,0.00,-0.00,0.000,0.000,0.000
12638,1000,0.00,0.02,0.000,0.000,0.000,0.00,0.02,0.000,0.000,0.000,0.00,0.01,0.000,0.000,0.000
12673,1000,0.00,-0.01,0.000,0.000,0.000,0.00,0.02,0.000,0.000,0.000,0.00,-0.00,0.000,0.000,0.000
12678,1000,0.00,-0.03,0.000,0.000,0.000,0.00,0.02,0.000,0.000,0.000,0.00,-0.02,0.000,0.000,0.000
12698,1000,0.00,0.00,0.000,0.000,0.000,0.00,-0.01,0.000,0.000,0.000,0.00,-0.02,0.000,0.000,0.000
12718,1000,0.00,-0.01,0.000,0.000,0.000,0.00,0.02,0.000,0.000,0.000,0.00,-0.04,0.000,0.000,0.000
12738,1000,0.00,-0.03,0.000,0.000,0.000,0.00,0.02,0.000,0.000,0.000,0.00,-0.04,0.000,0.000,0.000
12758,1000,0.00,0.00,0.000,0.000,0.000,0.00,0.00,0.000,0.000,0.000,0.00,-0.02,0.000,0.000,0.000
12778,1000,0.00,0.00,0.000,0.000,0.000,0.00,0.02,0.000,0.000,0.000,0.00,-0.00,0.000,0.000,0.000
12798,1000,0.00,-0.01,0.000,0.000,0.000,0.00,0.00,0.000,0.000,0.000,0.00,-0.00,0.000,0.000,0.000
12818,1000,0.00,-0.01,0.000,0.000,0.000,0.00,0.00,0.000,0.000,0.000,0.00,0.01,0.000,0.000,0.000
12838,1000,0.00,-0.01,0.000,0.000,0.000,0.00,0.00,0.000,0.000,0.000,0.00,-0.00,0.000,0.000,0.000
12858,1000,0.00,-0.04,0.000,0.000,0.000,0.00,0.02,0.000,0.000,0.000,0.00,0.04,0.000,0.000,0.000
12878,1000,0.00,-0.01,0.000,0.000,0.000,0.00,0.02,0.000,0.000,0.000,0.00,0.03,0.000,0.000,0.000
12898,1000,0.00,-0.01,0.000,0.000,0.000,0.00,0.00,0.000,0.000,0.000,0.00,0.03,0.000,0.000,0.000
12918,1000,0.00,-0.01,0.000,0.000,0.000,0.00,0.02,0.000,0.000,0.000,0.00,0.01,0.000,0.000,0.000
12938,1000,0.00,-0.01,0.000,0.000,0.000,0.00,0.03,0.000,0.000,0.000,0.00,-0.00,0.000,0.000,0.000
12958,1000,0.00,0.02,0.000,0.000,0.000,0.00,0.03,0.000,0.000,0.000,0.00,-0.00,0.000,0.000,0.000
12978,1000,0.00,0.00,0.000,0.000,0.000,0.00,0.02,0.000,0.000,0.000,0.00,-0.00,0.000,0.000,0.000
12998,1000,0.00,0.00,0.000,0.000,0.000,0.00,0.02,0.000,0.000,0.000,0.00,-0.00,0.000,0.000,0.000
13018,1000,0.00,0.00,0.000,0.000,0.000,0.00,0.02,0.000,0.000,0.000,0.00,-0.02,0.000,0.000,0.000
13038,1000,0.00,0.00,0.000,0.000,0.000,0.00,0.02,0.000,0.000,0.000,0.00,-0.02,0.000,0.000,0.000
13058,1000,0.00,0.00,0.000,0.000,0.000,0.00,0.00,0.000,0.000,0.000,0.00,-0.02,0.000,0.000,0.000
13078,1000,0.00,0.02,0.000,0.000,0.000,0.00,0.02,0.000,0.000,0.000,0.00,-0.02,0.000,0.000,0.000
13098,1000,0.00,0.02,0.000,0.000,0.000,0.00,0.00,0.000,0.000,0.000,0.00,-0.02,0.000,0.000,0.000
13118,1000,0.00,0.02,0.000,0.000,0.000,0.00,0.02,0.000,0.000,0.000,0.00,-0.04,0.000,0.000,0.000
13138,1000,0.00,0.03,0.000,0.000,0.000,0.00,0.02,0.000,0.000,0.000,0.00,-0.02,0.000,0.000,0.000
13158,1000,0.00,0.02,0.000,0.000,0.000,0.00,0.00,0.000,0.000,0.000,0.00,-0.04,0.000,0.000,0.000
13178,1000,0.00,0.02,0.000,0.000,0.000,0.00,0.00,0.000,0.000,0.000,0.00,-0.02,0.000,0.000,0.000
13198,1000,0.00,0.00,0.000,0.000,0.000,0.00,-0.01,0.000,0.000,0.000,0.00,-0.02,0.000,0.000,0.000
13218,1000,0.00,0.00,0.000,0.000,0.000,0.00,-0.01,0.000,0.000,0.000,0.00,-0.00,0.000,0.000,0.000
13238,1000,0.00,0.00,0.000,0.000,0.000,0.00,0.00,0.000,0.000,0.000,0.00,-0.02,0.000,0.000,0.000
13258,1000,0.00,0.00,0.000,0.000,0.000,0.00,0.03,0.000,0.000,0.000,0.00,-0.04,0.000,0.000,0.000
13278,1000,0.00,-0.01,0.000,0.000,0.000,0.00,0.03,0.000,0.000,0.000,0.00,-0.04,0.000,0.000,0.000
13298,1000,0.00,-0.01,0.000,0.000,0.000,0.00,0.05,0.000,0.000,0.000,0.00,-0.02,0.000,0.000,0.000
13318,1000,0.00,0.00,0.000,0.000,0.000,0.00,0.02,0.000,0.000,0.000,0.00,-0.02,0.000,0.000,0.000
13338,1000,0.00,-0.03,0.000,0.000,0.000,0.00,0.00,0.000,0.000,0.000,0.00,-0.02,0.000,0.000,0.000
13358,1000,0.00,0.00,0.000,0.000,0.000,0.00,0.00,0.000,0.000,0.000,0.00,-0.00,0.000,0.000,0.000
13378,1000,0.00,-0.01,0.000,0.000,0.000,0.00,0.00,0.000,0.000,0.000,0.00,-0.00,0.000,0.000,0.000
13398,1000,0.00,0.02,0.000,0.000,0.000,0.00,0.02,0.000,0.000,0.000,0.00,-0.02,0.000,0.000,0.000
13418,1000,0.00,0.02,0.000,0.000,0.000,0.00,0.03,0.000,0.000,0.000,0.00,-0.04,0.000,0.000,0.000
13438,1000,0.00,0.02,0.000,0.000,0.000,0.00,0.03,0.000,0.000,0.000,0.00,-0.00,0.000,0.000,0.000
13458,1000,0.00,0.00,0.000,0.000,0.000,0.00,0.02,0.000,0.000,0.000,0.00,-0.02,0.000,0.000,0.000
13478,1000,0.00,0.00,0.000,0.000,0.000,0.00,0.00,0.000,0.000,0.000,0.00,-0.02,0.000,0.000,0.000
13514,1000,0.00,0.00,0.000,0.000,0.000,0.00,-0.01,0.000,0.000,0.000,0.00,-0.00,0.000,0.000,0.000
13518,1000,0.00,0.00,0.000,0.000,0.000,0.00,0.00,0.000,0.000,0.000,0.00,-0.00,0.000,0.000,0.000
13538,1000,0.00,-0.01,0.000,0.000,0.000,0.00,-0.01,0.000,0.000,0.000,0.00,-0.00,0.000,0.000,0.000
13558,1000,0.00,0.02,0.000,0.000,0.000,0.00,0.02,0.000,0.000,0.000,0.00,0.01,0.000,0.000,0.000
13578,1000,0.00,0.00,0.000,0.000,0.000,0.00,0.00,0.000,0.000,0.000,0.00,0.01,0.000,0.000,0.000
13598,1000,0.00,-0.01,0.000,0.000,0.000,0.00,0.00,0.000,0.000,0.000,0.00,-0.00,0.000,0.000,0.000
13618,1000,0.00,0.02,0.000,0.000,0.000,0.00,0.00,0.000,0.000,0.000,0.00,-0.00,0.000,0.000,0.000
13638,1000,0.00,0.00,0.000,0.000,0.000,0.00,0.02,0.000,0.000,0.000,0.00,-0.00,0.000,0.000,0.000
13658,1000,0.00,-0.01,0.000,0.000,0.000,0.00,0.02,0.000,0.000,0.000,0.00,-0.00,0.000,0.000,0.000
13678,1000,0.00,0.00,0.000,0.000,0.000,0.00,0.03,0.000,0.000,0.000,0.00,-0.00,0.000,0.000,0.000
13698,1000,0.00,0.00,0.000,0.000,0.000,0.00,0.02,0.000,0.000,0.000,0.00,-0.00,0.000,0.000,0.000
13718,1000,0.00,0.00,0.000,0.000,0.000,0.00,0.00,0.000,0.000,0.000,0.00,-0.00,0.000,0.000,0.000
13738,1000,0.00,0.00,0.000,0.000,0.000,0.00,0.00,0.000,0.000,0.000,0.00,-0.00,0.000,0.000,0.000
13758,1000,0.00,0.03,0.000,0.000,0.000,0.00,0.00,0.000,0.000,0.000,0.00,-0.00,0.000,0.000,0.000
13778,1000,0.00,0.02,0.000,0.000,0.000,0.00,0.02,0.000,0.000,0.000,0.00,-0.02,0.000,0.000,0.000
13798,1000,0.00,0.02,0.000,0.000,0.000,0.00,0.02,0.000,0.000,0.000,0.00,-0.00,0.000,0.000,0.000
13818,1000,0.00,0.00,0.000,0.000,0.000,0.00,0.00,0.000,0.000,0.000,0.00,0.01,0.000,0.000,0.000
13838,1000,0.00,0.02,0.000,0.000,0.000,0.00,0.00,0.000,0.000,0.000,0.00,-0.02,0.000,0.000,0.000
13858,1000,0.00,0.02,0.000,0.000,0.000,0.00,0.02,0.000,0.000,0.000,0.00,-0.00,0.000,0.000,0.000
13878,1000,0.00,0.02,0.000,0.000,0.000,0.00,0.02,0.000,0.000,0.000,0.00,-0.00,0.000,0.000,0.000
13898,1000,0.00,-0.03,0.000,0.000,0.000,0.00,0.00,0.000,0.000,0.000,0.00,0.01,0.000,0.000,0.000
13918,1000,0.00,-0.01,0.000,0.000,0.000,0.00,0.02,0.000,0.000,0.000,0.00,-0.00,0.000,0.000,0.000
13938,1000,0.00,-0.01,0.000,0.000,0.000,0.00,0.00,0.000,0.000,0.000,0.00,-0.02,0.000,0.000,0.000
13958,1000,0.00,0.00,0.000,0.000,0.000,0.00,0.03,0.000,0.000,0.000,0.00,-0.00,0.000,0.000,0.000
13978,1000,0.00,0.02,0.000,0.000,0.000,0.00,0.02,0.000,0.000,0.000,0.00,-0.02,0.000,0.000,0.000
13998,1000,0.00,0.02,0.000,0.000,0.000,0.00,0.02,0.000,0.000,0.000,0.00,-0.00,0.000,0.000,0.000
14018,1000,0.00,0.02,0.000,0.000,0.000,0.00,0.03,0.000,0.000,0.000,0.00,-0.02,0.000,0.000,0.000
14038,1000,0.00,0.02,0.000,0.000,0.000,0.00,0.00,0.000,0.000,0.000,0.00,-0.02,0.000,0.000,0.000
14058,1000,0.00,-0.03,0.000,0.000,0.000,0.00,0.02,0.000,0.000,0.000,0.00,-0.00,0.000,0.000,0.000
14078,1000,0.00,-0.03,0.000,0.000,0.000,0.00,0.02,0.000,0.000,0.000,0.00,0.01,0.000,0.000,0.000
14098,1000,0.00,-0.01,0.000,0.000,0.000,0.00,0.00,0.000,0.000,0.000,0.00,-0.02,0.000,0.000,0.000
14118,1000,0.00,-0.01,0.000,0.000,0.000,0.00,0.02,0.000,0.000,0.000,0.00,-0.04,0.000,0.000,0.000
14138,1000,0.00,-0.01,0.000,0.000,0.000,0.00,0.02,0.000,0.000,0.000,0.00,-0.00,0.000,0.000,0.000
14158,1000,0.00,0.00,0.000,0.000,0.000,0.00,0.00,0.000,0.000,0.000,0.00,-0.00,0.000,0.000,0.000
14178,1000,0.00,0.02,0.000,0.000,0.000,0.00,0.00,0.000,0.000,0.000,0.00,-0.04,0.000,0.000,0.000
14198,1000,0.00,0.00,0.000,0.000,0.000,0.00,0.02,0.000,0.000,0.000,0.00,-0.02,0.000,0.000,0.000
14218,1000,0.00,0.00,0.000,0.000,0.000,0.00,0.02,0.000,0.000,0.000,0.00,-0.02,0.000,0.000,0.000
14238,1000,0.00,0.03,0.000,0.000,0.000,0.00,0.03,0.000,0.000,0.000,0.00,-0.02,0.000,0.000,0.000
14258,1000,0.00,0.00,0.000,0.000,0.000,0.00,0.00,0.000,0.000,0.000,0.00,-0.02,0.000,0.000,0.000
14278,1000,0.00,0.00,0.000,0.000,0.000,0.00,0.00,0.000,0.000,0.000,0.00,-0.02,0.000,0.000,0.000
14298,1000,0.00,0.00,0.000,0.000,0.000,0.00,0.02,0.000,0.000,0.000,0.00,-0.02,0.000,0.000,0.000
14318,1000,0.00,0.00,0.000,0.000,0.000,0.00,0.02,0.000,0.000,0.000,0.00,-0.00,0.000,0.000,0.000
14338,1000,0.00,0.00,0.000,0.000,0.000,0.00,0.02,0.000,0.000,0.000,0.00,-0.00,0.000,0.000,0.000
14372,1000,0.00,0.00,0.000,0.000,0.000,0.00,0.03,0.000,0.000,0.000,0.00,-0.00,0.000,0.000,0.000
14378,1000,0.00,0.00,0.000,0.000,0.000,0.00,0.03,0.000,0.000,0.000,0.00,-0.00,0.000,0.000,0.000
14398,1000,0.00,0.02,0.000,0.000,0.000,0.00,0.05,0.000,0.000,0.000,0.00,-0.02,0.000,0.000,0.000
14418,1000,0.00,-0.01,0.000,0.000,0.000,0.00,0.03,0.000,0.000,0.000,0.00,-0.02,0.000,0.000,0.000
14438,1000,0.00,0.00,0.000,0.000,0.000,0.00,0.02,0.000,0.000,0.000,0.00,-0.02,0.000,0.000,0.000
14458,1000,0.00,-0.01,0.000,0.000,0.000,0.00,0.02,0.000,0.000,0.000,0.00,-0.00,0.000,0.000,0.000
14478,1000,0.00,0.00,0.000,0.000,0.000,0.00,0.02,0.000,0.000,0.000,0.00,-0.00,0.000,0.000,0.000
